state,enter_price,enter_time,exit_price,ror,fiat_money,bin btc price (usdt),up btc price (krw),exchage rate(usd),unofficial exchange rate,kimch premium,pred premium(un_official)
False,0.0,,0.0,1.0,1000000.0,,,,0.0,,
True,8343000.0,2020-01-01,7195.24,1.0,1000000.0,7195.24,8343000.0,1155.07,1159.5165692874734,0.0038496102292271406,0.0239357172085964
False,6965.49,2020-01-03,8300000.0,1.0112500435945584,1011250.0435945584,6965.49,8300000.0,1157.94,1191.5888185899341,0.029059207376836538,0.0187393291155954
True,8038000.0,2020-01-04,7345.0,1.0112500435945584,1011250.0435945584,7345.0,8038000.0,1157.94,1094.349897889721,-0.05491657781083581,0.0344941071773914
False,7354.19,2020-01-05,8476000.0,1.0368415233988624,1048506.0357377478,7354.19,8476000.0,1157.94,1152.5402525635047,-0.004663235950477018,0.0250660292367788
True,8483000.0,2020-01-06,7357.64,1.0368415233988624,1048506.0357377478,7357.64,8483000.0,1165.89,1152.951218053615,-0.011097772471146627,0.0249994440665494
False,9851.74,2020-02-11,11821000.0,1.0217488103207013,1071309.7946291186,9851.74,11821000.0,1188.17,1199.889562655937,0.009863540281219718,0.0173944316242829
True,11520000.0,2020-02-12,10223.08,1.0217488103207013,1071309.7946291186,10223.08,11520000.0,1182.29,1126.861963322208,-0.04688192971080851,0.0292264594954658
False,9904.46,2020-02-16,11857000.0,1.04085930467678,1115082.7679310883,9904.46,11857000.0,1184.59,1197.1374512088494,0.01059223124359443,0.017840332347347
True,11513000.0,2020-02-17,9910.7,1.04085930467678,1115082.7679310883,9910.7,11513000.0,1183.44,1161.6737465567517,-0.018392359091503052,0.0235862085049549
False,9706.0,2020-02-18,11659000.0,1.0137911052439093,1130460.9917392957,9706.0,11659000.0,1185.38,1201.2157428394808,0.01335921210032276,0.0171795621634618
True,11438000.0,2020-02-19,10164.78,1.0137911052439093,1130460.9917392957,10164.78,11438000.0,1191.05,1125.257998697463,-0.05523865606190914,0.0294863359574818
False,9594.65,2020-02-20,11837000.0,1.0756670859738078,1215999.680791269,9594.65,11837000.0,1193.0,1233.7083687263214,0.03412268962809861,0.011915064102337
True,11419000.0,2020-02-21,9597.21,1.0756670859738078,1215999.680791269,9597.21,11419000.0,1205.21,1189.8249595455347,-0.012765443743800176,0.0190251118821738
False,9316.48,2020-02-26,11635000.0,1.0308875547450016,1253558.937501614,9316.48,11635000.0,1216.04,1248.862231228962,0.02699107860675798,0.0094598153316917
True,10742000.0,2020-02-28,8823.25,1.0308875547450016,1253558.937501614,8823.25,10742000.0,1212.68,1217.465219731958,0.003945987178775923,0.0145468005057041
False,8034.76,2020-03-09,10678000.0,1.0742075686816364,1346582.4984527442,8034.76,10678000.0,1188.7,1328.975601013596,0.11800757214906676,-0.0035202584047369
True,9574000.0,2020-03-12,7934.58,1.0742075686816364,1346582.4984527442,7934.58,9574000.0,1192.71,1206.6171114287083,0.01166009459861006,0.0163044253073505
False,4800.01,2020-03-13,9507000.0,1.622649845276451,2185031.882766322,4800.01,9507000.0,1211.21,1980.620873706513,0.6352415136157339,-0.1091006841475018
True,6362000.0,2020-03-14,5576.05,1.622649845276451,2185031.882766322,5576.05,6362000.0,1211.21,1140.9510316442643,-0.058007255848065764,0.0269437300810186
False,5172.48,2020-03-15,7261000.0,1.2226685196629739,2671569.6975183,5172.48,7261000.0,1211.21,1403.7753650086613,0.15898594381540887,-0.0156394147294985
True,6385000.0,2020-03-18,5312.64,1.2226685196629739,2671569.6975183,5312.64,6385000.0,1239.76,1201.8506806408866,-0.030577950054134106,0.0170766887042321
False,5393.26,2020-03-19,6774000.0,1.0392842143457537,2776520.214155229,5393.26,6774000.0,1256.5,1256.0121336631275,-0.00038827404446672986,0.0083013787180125
True,6747000.0,2020-03-20,6162.05,1.0392842143457537,2776520.214155229,6162.05,6747000.0,1258.36,1094.927824344171,-0.12987712233051651,0.0344004707717183
False,6204.57,2020-03-21,7675000.0,1.1234362099142337,3119243.3461408066,6204.57,7675000.0,1258.36,1236.9914434038137,-0.016981274513005906,0.0113831360170422
True,7788000.0,2020-03-22,6187.04,1.1234362099142337,3119243.3461408066,6187.04,7788000.0,1258.36,1258.7602472264605,0.0003180705254939298,0.0078561257373423
False,5816.05,2020-03-23,7740000.0,1.0513564770842518,3279436.695567092,5816.05,7740000.0,1254.85,1330.8001134790793,0.060525252802390295,-0.0038158683185212
True,7379000.0,2020-03-24,6465.25,1.0513564770842518,3279436.695567092,6465.25,7379000.0,1273.0,1141.3325084103476,-0.10343086534929491,0.0268819227127128
False,6744.69,2020-03-25,8047000.0,1.0397687727443814,3409855.8682426848,6744.69,8047000.0,1234.21,1193.086709693107,-0.03331952447872988,0.0184966388253156
True,8276000.0,2020-03-27,6737.27,1.0397687727443814,3409855.8682426848,6737.27,8276000.0,1213.4,1228.390727995167,0.012354316791797437,0.0127766352605565
False,6359.11,2020-03-28,8281000.0,1.054337232843894,3595138.000519506,6359.11,8281000.0,1213.4,1302.226254931901,0.07320442964554208,0.0008137058945434
True,7218000.0,2020-03-31,6394.45,1.054337232843894,3595138.000519506,6394.45,7218000.0,1224.71,1128.7913737694407,-0.0783194603053452,0.0289138538724563
False,6412.14,2020-04-01,7794000.0,1.0716352729036889,3852676.6923131435,6412.14,7794000.0,1218.8,1215.5068354714651,-0.0027019728655520714,0.0148641005041163
True,7799000.0,2020-04-02,6643.36,1.0716352729036889,3852676.6923131435,6643.36,7799000.0,1236.7,1173.9541436863276,-0.05073652164120046,0.0215965223803663
False,6732.97,2020-04-04,8160000.0,1.0273396631699354,3958007.5753836455,6732.97,8160000.0,1227.85,1211.9465852365302,-0.01295224560285857,0.0154409369384571
True,8149000.0,2020-04-05,6857.41,1.0273396631699354,3958007.5753836455,6857.41,8149000.0,1227.85,1188.349537215946,-0.03217043025129618,0.0192641617521508
False,6772.78,2020-04-06,8248000.0,1.019794712295322,4036355.196601069,6772.78,8248000.0,1236.42,1217.8160223719065,-0.015046648896081871,0.0144899629997334
True,8198000.0,2020-04-07,7329.9,1.019794712295322,4036355.196601069,7329.9,8198000.0,1224.64,1118.432720773817,-0.0867253063971315,0.0305921764802149
False,7197.32,2020-04-08,8777000.0,1.0850930599876238,4379821.011476801,7197.32,8777000.0,1215.43,1219.4816959646091,0.003333549414288761,0.0142200883694161
True,8652000.0,2020-04-09,7360.26,1.0850930599876238,4379821.011476801,7360.26,8652000.0,1216.26,1175.5019523766823,-0.03351096609550397,0.0213457443768358
False,7283.54,2020-04-10,8821000.0,1.0253941699369458,4491042.930535648,7283.54,8821000.0,1211.11,1211.0869165268537,-1.9059765955398156e-05,0.0155802215955686
True,8413000.0,2020-04-12,6876.84,1.0253941699369458,4491042.930535648,6876.84,8413000.0,1211.11,1223.3816694877298,0.010132580432603122,0.0135882095202763
False,6621.25,2020-04-16,8375000.0,1.0292506720371768,4622408.954401627,6621.25,8375000.0,1224.72,1264.8669057957336,0.032780477003505615,0.0068667168693163
True,8107000.0,2020-04-17,7101.99,1.0292506720371768,4622408.954401627,7101.99,8107000.0,1228.98,1141.511041271531,-0.07117199525498297,0.0268529965832944
False,7026.78,2020-04-18,8557000.0,1.0621773852295047,4909818.256647769,7026.78,8557000.0,1228.98,1217.7697323667455,-0.00912160298235487,0.0144974629673651
True,8519000.0,2020-04-19,7248.6,1.0621773852295047,4909818.256647769,7248.6,8519000.0,1228.98,1175.2614297933392,-0.043709881533190775,0.0213847141627213
False,7121.4,2020-04-20,8712000.0,1.0364524156243176,5088792.992378957,7121.4,8712000.0,1216.26,1223.3549582947176,0.0058334223724509915,0.013592537302965
True,8387000.0,2020-04-22,6841.36,1.0364524156243176,5088792.992378957,6841.36,8387000.0,1233.53,1225.9258393068046,-0.006164552700943959,0.0131759997737838
False,9539.1,2020-05-10,11881000.0,1.0111463300280026,5145514.3585161995,9539.1,11881000.0,1220.11,1245.505341174744,0.020813976751886454,0.0100037030815887
True,10441000.0,2020-05-13,8810.99,1.0111463300280026,5145514.3585161995,8810.99,10441000.0,1226.84,1184.9973725994469,-0.03410601822613635,0.0198072838804019
False,9315.96,2020-05-16,11777000.0,1.0615309134786164,5462122.557313038,9315.96,11777000.0,1227.53,1264.1745992898211,0.029852304456771783,0.0069788852816439
True,11314000.0,2020-05-17,9380.81,1.0615309134786164,5462122.557313038,9380.81,11314000.0,1227.53,1206.0792191719052,-0.01747475078254268,0.0163915753195686
False,9511.43,2020-05-21,11727000.0,1.0172072374783798,5556110.597292739,9511.43,11727000.0,1227.4,1232.9376339835335,0.004511678331052149,0.0120399395609465
True,11089000.0,2020-05-23,9170.0,1.0172072374783798,5556110.597292739,9170.0,11089000.0,1233.27,1209.2693565976008,-0.019460980484726886,0.0158747050502716
False,8718.14,2020-05-25,11140000.0,1.0516995779288285,5843359.170098664,8718.14,11140000.0,1240.56,1277.7954930753579,0.03001506825575384,0.0047720101225086
True,10663000.0,2020-05-26,8900.35,1.0516995779288285,5843359.170098664,8900.35,10663000.0,1240.95,1198.042773598791,-0.034576112173100526,0.0176936508208019
False,8841.0,2020-05-27,10821000.0,1.0170621168177834,5943059.246867154,8841.0,10821000.0,1230.99,1223.9565659993214,-0.00571364024133314,0.0134950640299376
True,10724000.0,2020-05-28,9204.07,1.0170621168177834,5943059.246867154,9204.07,10724000.0,1238.26,1165.1367275563964,-0.0590532460417067,0.0230251317602857
False,9426.6,2020-05-30,11579000.0,1.0495108958620258,6237305.434340644,9426.6,11579000.0,1238.03,1228.3325907538242,-0.007832935588132472,0.0127860547330053
True,11397000.0,2020-05-31,9697.72,1.0495108958620258,6237305.434340644,9697.72,11397000.0,1238.03,1175.2246919894574,-0.05073003724509306,0.021390666470115
False,9448.27,2020-06-01,11583000.0,1.038516533429898,6477544.81761491,9448.27,11583000.0,1231.47,1225.9387168232915,-0.004491610170534899,0.0131739133415941
True,11432000.0,2020-06-02,10202.71,1.038516533429898,6477544.81761491,10202.71,11432000.0,1223.05,1120.4866158108973,-0.08385870094362669,0.0302594016999272
False,9518.02,2020-06-03,12111000.0,1.1307568997311672,7324528.495835925,9518.02,12111000.0,1220.12,1272.4285092907978,0.042871610407827054,0.0056415759072594
True,11520000.0,2020-06-04,9666.32,1.1307568997311672,7324528.495835925,9666.32,11520000.0,1215.95,1191.7668771569738,-0.01988825432215635,0.0187104798319391
False,9621.17,2020-06-06,11785000.0,1.0236700941739258,7497900.775111965,9621.17,11785000.0,1216.54,1224.9030003627417,0.006874414620761993,0.013341721487277
True,11601000.0,2020-06-07,9666.85,1.0236700941739258,7497900.775111965,9666.85,11601000.0,1216.54,1200.0806881248802,-0.013529610103341971,0.0173634652239622
False,9278.88,2020-06-12,11732000.0,1.0494390108447935,7868589.572845912,9278.88,11732000.0,1206.2,1264.3767351232045,0.0482314169484368,0.0069461349675684
True,11090000.0,2020-06-13,9464.96,1.0494390108447935,7868589.572845912,9464.96,11090000.0,1206.2,1171.6901075123403,-0.028610423219747605,0.0219633445045548
False,9473.34,2020-06-14,11374000.0,1.0208730668113888,8032831.168711321,9473.34,11374000.0,1206.2,1200.6325118701534,-0.004615725526319503,0.017274058013625
True,11382000.0,2020-06-15,9342.1,1.0208730668113888,8032831.168711321,9342.1,11382000.0,1203.61,1218.3556159749949,0.012251157746275831,0.0144025373331484
False,9298.33,2020-06-25,11506000.0,1.011851871956055,8128035.2551674945,9298.33,11506000.0,1206.2,1237.4265056198265,0.025888331636400697,0.0113126466635303
True,11232000.0,2020-06-26,9249.49,1.011851871956055,8128035.2551674945,9249.49,11232000.0,1202.36,1214.3372229171555,0.009961428288661978,0.0150536026713426
False,11071.36,2020-08-03,13922000.0,1.0314568973256708,8383718.025648732,11071.36,13922000.0,1194.1,1257.4787559974563,0.05307658989821329,0.0080637546348631
True,13030000.0,2020-08-04,11219.68,1.0314568973256708,8383718.025648732,11219.68,13030000.0,1192.7,1161.3521954280336,-0.026283059086079086,0.0236383066425319
False,11191.99,2020-08-05,13273000.0,1.0170930169024428,8527021.05956646,11191.99,13273000.0,1193.32,1185.9374427604027,-0.006186569603792158,0.0196549724742106
True,13322000.0,2020-08-06,11744.91,1.0170930169024428,8527021.05956646,11744.91,13322000.0,1186.24,1134.2785938759855,-0.04380345134543984,0.0280248072403843
False,11762.47,2020-08-07,13843000.0,1.0333941465155774,8811773.650171036,11762.47,13843000.0,1184.0,1176.8786657904334,-0.0060146403797013415,0.0211226874554698
True,13883000.0,2020-08-08,11594.36,1.0333941465155774,8811773.650171036,11594.36,13883000.0,1184.0,1197.3925253312816,0.011311254502771817,0.017799004901924
False,11392.09,2020-08-12,13994000.0,1.0217798241114588,9003692.530381748,11392.09,13994000.0,1186.12,1228.396194201415,0.035642425894020224,0.0127757496186175
True,13619000.0,2020-08-13,11564.34,1.0217798241114588,9003692.530381748,11564.34,13619000.0,1183.74,1177.6720504585649,-0.005126083043096696,0.0209941422261107
False,11531.23,2020-08-22,13951000.0,1.023295342907962,9213436.635314848,11531.23,13951000.0,1185.36,1209.8449168041918,0.020656101778524505,0.0157814520271946
True,13781000.0,2020-08-23,11663.51,1.023295342907962,9213436.635314848,11663.51,13781000.0,1185.36,1181.5482646304586,-0.0032156774056331106,0.0203661128983639
False,11318.42,2020-08-26,13876000.0,1.0335977499727285,9522987.375777733,11318.42,13876000.0,1187.48,1225.966168422801,0.03240995083942555,0.0131694655972691
True,13473000.0,2020-08-27,11461.42,1.0335977499727285,9522987.375777733,11461.42,13473000.0,1184.79,1175.5087938492786,-0.007833629715579327,0.0213446359124309
False,11330.38,2020-08-28,13561000.0,1.014374625315678,9659876.751190469,11330.38,13561000.0,1187.56,1196.870713956637,0.007840205089963526,0.0178835494684252
True,13401000.0,2020-08-29,11526.9,1.014374625315678,9659876.751190469,11526.9,13401000.0,1187.56,1162.5849100799,-0.021030592071221488,0.0234385805903109
False,11465.84,2020-08-30,13546000.0,1.012454783255599,9780188.422402347,11465.84,13546000.0,1187.56,1181.4223816135582,-0.005168259613360093,0.0203865086306359
True,13470000.0,2020-08-31,11711.17,1.012454783255599,9780188.422402347,11711.17,13470000.0,1180.51,1150.1839696631505,-0.025688922869649078,0.0254477972971251
False,11649.51,2020-09-01,13671000.0,1.0165488422648747,9942039.217925437,11649.51,13671000.0,1188.07,1173.5257534437071,-0.012241910456701088,0.0216659307319577
True,13733000.0,2020-09-02,11921.97,1.0165488422648747,9942039.217925437,11921.97,13733000.0,1185.58,1151.9069415541226,-0.028402181586968056,0.0251686391210212
False,11388.54,2020-09-03,13972000.0,1.0611927992732593,10550420.428154819,11388.54,13972000.0,1189.63,1226.8473395184983,0.03128480243310805,0.0130266970952412
True,12301000.0,2020-09-05,10446.25,1.0611927992732593,10550420.428154819,10446.25,12301000.0,1191.73,1177.5517530214192,-0.011897197333776033,0.0210136329753907
False,10166.69,2020-09-06,12630000.0,1.0515302835883682,11094086.58479415,10166.69,12630000.0,1191.73,1242.2922308047162,0.0424275891390804,0.0105242954575974
True,12353000.0,2020-09-08,10373.45,1.0515302835883682,11094086.58479415,10373.45,12353000.0,1187.77,1190.8285093194645,0.002575001321353909,0.0188625154254425
False,10126.66,2020-09-09,12388000.0,1.0240072354375818,11360424.933400221,10126.66,12388000.0,1190.23,1223.3056111294345,0.027789260167727647,0.013600532595708
True,12130000.0,2020-09-10,10219.29,1.0240072354375818,11360424.933400221,10219.29,12130000.0,1184.92,1186.97091480915,0.0017308466471577244,0.0194875279710854
False,10417.22,2020-09-22,12828000.0,1.0341931956477475,11748874.165789524,10417.22,12828000.0,1164.84,1231.4225868321876,0.05716028538871232,0.0122854094967575
True,12290000.0,2020-09-23,10529.61,1.0341931956477475,11748874.165789524,10529.61,12290000.0,1163.65,1167.1847295388907,0.0030376226003443474,0.0226933117804673
False,10241.46,2020-09-24,12346000.0,1.029664539962119,12097399.112990495,10241.46,12346000.0,1170.78,1205.492185684463,0.029648768927093894,0.0164866872587272
True,11943000.0,2020-09-25,10736.33,1.029664539962119,12097399.112990495,10736.33,11943000.0,1169.6,1112.391291996427,-0.04891305403862234,0.0315710167314078
False,10686.57,2020-09-26,12495000.0,1.0479678712477218,12677685.596074728,10686.57,12495000.0,1169.6,1169.224550066111,-0.0003210071254179381,0.0223628173708128
True,12456000.0,2020-09-27,10728.59,1.0479678712477218,12677685.596074728,10728.59,12456000.0,1169.6,1161.0099742836665,-0.007344413232159397,0.0236937537632808
False,10619.13,2020-10-02,12562000.0,1.0158915778707172,12879154.023945218,10619.13,12562000.0,1162.93,1182.959432646554,0.01722324873083836,0.0201374735969259
True,12440000.0,2020-10-03,10570.4,1.0158915778707172,12879154.023945218,10570.4,12440000.0,1162.93,1176.8712631499282,0.011988050140531392,0.0211238868410388
False,17149.47,2020-11-27,20840000.0,1.0289753758442084,13252332.35234448,17149.47,20840000.0,1106.07,1215.1979040751696,0.09866274654874418,0.0149141539760173
True,19226000.0,2020-11-28,17139.53,1.0289753758442084,13252332.35234448,17139.53,19226000.0,1106.07,1121.7343766135946,0.014162192821064234,0.0300572378505226
False,22719.88,2020-12-22,25890000.0,1.0115635552030027,13405576.429069353,22719.88,25890000.0,1104.31,1139.5306665352107,0.03189382196594304,0.0271738595075766
True,25387000.0,2020-12-23,23810.79,1.0115635552030027,13405576.429069353,23810.79,25387000.0,1109.94,1066.1972996276056,-0.039409968441892596,0.0390554282439832
False,23232.39,2020-12-24,26776000.0,1.0760369546291362,14424895.635783916,23232.39,26776000.0,1106.87,1152.528861645315,0.04125042836585613,0.0250678748083535
True,26380000.0,2020-12-25,23728.99,1.0760369546291362,14424895.635783916,23728.99,26380000.0,1102.66,1111.7203049940179,0.008216771256795097,0.0316797309296854
False,31989.75,2021-01-05,37537000.0,1.0501447409971745,15148228.291351572,31989.75,37537000.0,1086.69,1173.4071069639494,0.07979930519646761,0.0216851539909463
True,36478000.0,2021-01-06,33949.53,1.0501447409971745,15148228.291351572,33949.53,36478000.0,1087.4,1074.4773197154718,-0.011884017182755335,0.0377138884789161
False,40586.96,2021-01-09,44698000.0,1.0188502861232844,15433776.72890438,40586.96,44698000.0,1094.35,1101.2896753045807,0.0063413672998406945,0.0333697152962181
True,38496000.0,2021-01-14,37371.38,1.0188502861232844,15433776.72890438,37371.38,38496000.0,1098.11,1030.0930819252594,-0.06193998604396689,0.0449050811699847
False,39145.21,2021-01-15,41380000.0,1.0202631292387685,15746513.341404468,39145.21,41380000.0,1096.04,1057.0897435471672,-0.03553725817746867,0.0405310464809959
True,40070000.0,2021-01-18,35824.99,1.0202631292387685,15746513.341404468,35824.99,40070000.0,1104.26,1118.4929849247692,0.01288916099901205,0.0305824124030686
False,30851.99,2021-01-22,39253000.0,1.1313028730533832,17814075.783704303,30851.99,39253000.0,1099.97,1272.3004253534373,0.15666829582028363,0.0056623282355644
True,34525000.0,2021-01-23,32950.0,1.1313028730533832,17814075.783704303,32950.0,34525000.0,1099.97,1047.7996965098635,-0.04742884214127341,0.042036232143305
False,32078.0,2021-01-24,36345000.0,1.0763149542887867,19173556.162834678,32078.0,36345000.0,1099.97,1133.0195149323524,0.03004583300667507,0.0282288048698971
True,35494000.0,2021-01-25,32259.45,1.0763149542887867,19173556.162834678,32259.45,35494000.0,1105.54,1100.2667435433648,-0.004769846822941903,0.0335354520480687
False,30362.19,2021-01-28,35929000.0,1.0707426091982437,20529943.55340267,30362.19,35929000.0,1108.42,1183.3467875670365,0.06759783075642489,0.0200747138422988
True,34293000.0,2021-01-29,33368.18,1.0707426091982437,20529943.55340267,33368.18,34293000.0,1113.24,1027.7156260844913,-0.07682474032150177,0.045290279698036
False,34246.28,2021-01-30,36631000.0,1.036371240971157,21276643.077507727,34246.28,36631000.0,1113.24,1069.6344245272771,-0.03916996826625241,0.0384985407387018
True,37523000.0,2021-01-31,34262.89,1.036371240971157,21276643.077507727,34262.89,37523000.0,1113.24,1095.1498837371862,-0.016249969694597466,0.0343644924162584
False,33092.97,2021-02-01,37039000.0,1.0175848750948462,21650790.188463323,33092.97,37039000.0,1118.43,1119.2407330016013,0.0007248848847054568,0.0304612612743663
True,36408000.0,2021-02-02,33517.09,1.0175848750948462,21650790.188463323,33517.09,36408000.0,1117.44,1086.2518195941236,-0.027910384813391698,0.0358061684935337
False,51552.61,2021-02-19,57458000.0,1.0208820578887312,22102903.242515586,51552.61,57458000.0,1107.08,1114.550747285152,0.006748154862477929,0.0312211389400538
True,57852000.0,2021-02-20,55906.0,1.0208820578887312,22102903.242515586,55906.0,57852000.0,1107.08,1034.8084284334418,-0.06528125480232516,0.0441410945154031
False,55841.19,2021-02-21,63649000.0,1.0949763125058185,24202155.488162614,55841.19,63649000.0,1107.08,1139.8216979258502,0.02957482560054392,0.0271267062181784
True,64260000.0,2021-02-22,57412.35,1.0949763125058185,24202155.488162614,57412.35,64260000.0,1106.02,1119.2713762805388,0.011981136218638833,0.0304562964099348
False,54087.67,2021-02-23,65416000.0,1.074255647211227,25999302.20784288,54087.67,65416000.0,1112.58,1209.4438529150916,0.08706237116889715,0.0158464329269812
True,55106000.0,2021-02-25,49676.21,1.074255647211227,25999302.20784288,49676.21,55106000.0,1107.54,1109.3036284370326,0.0015923835139430853,0.0320712840498587
False,47073.73,2021-02-26,56501000.0,1.076684249683902,27993039.189956326,47073.73,56501000.0,1119.47,1200.266050725107,0.07217348452848849,0.0173334325312246
True,51798000.0,2021-03-02,49595.76,1.076684249683902,27993039.189956326,49595.76,51798000.0,1113.53,1044.4037958083513,-0.06207843901075727,0.0425864404496802
False,48436.61,2021-03-03,56438000.0,1.1106452135127391,31090334.987999517,48436.61,56438000.0,1125.29,1165.1930223853403,0.03546021237666763,0.0230160107979216
True,56007000.0,2021-03-04,50349.37,1.1106452135127391,31090334.987999517,50349.37,56007000.0,1127.05,1112.3674437237248,-0.01302742227609699,0.0315748806599754
False,48374.09,2021-03-05,57933000.0,1.071914237963599,33326172.736694522,48374.09,57933000.0,1131.03,1197.6039239187758,0.05886132456148441,0.0177647538242222
True,56410000.0,2021-03-06,48746.81,1.071914237963599,33326172.736694522,48746.81,56410000.0,1131.03,1157.2039278057375,0.02314167423122071,0.0243104144287926
False,58976.08,2021-03-15,70615000.0,1.0299698080804403,34324951.73766886,58976.08,70615000.0,1136.5,1197.349840816819,0.05354143494660746,0.0178059207032018
True,64490000.0,2021-03-17,56900.74,1.0299698080804403,34324951.73766886,56900.74,64490000.0,1129.93,1133.3771757625648,0.0030507870067746357,0.0281708561909029
False,57641.0,2021-03-19,68494000.0,1.043622914668657,35822306.17832696,57641.0,68494000.0,1128.25,1188.2861157856387,0.05321171352593734,0.0192744373758584
True,63334000.0,2021-03-27,55025.59,1.043622914668657,35822306.17832696,55025.59,63334000.0,1135.24,1150.9917476577718,0.013875257793745543,0.0253169200420422
False,55817.14,2021-03-28,65660000.0,1.0175240992496435,36450059.827147074,55817.14,65660000.0,1135.24,1176.3411740551378,0.036204832506904205,0.0212097725746654
True,59850000.0,2021-04-27,54001.38,1.0175240992496435,36450059.827147074,54001.38,59850000.0,1110.44,1108.3050099830784,-0.001922652297217109,0.0322330815276296
False,55011.97,2021-04-28,64198000.0,1.04854103316586,38219383.3901142,55011.97,64198000.0,1113.43,1166.982385833483,0.04809676929262108,0.022726095774242
True,63816000.0,2021-05-01,57697.25,1.04854103316586,38219383.3901142,57697.25,63816000.0,1107.81,1106.0492484477163,-0.0015893984999987287,0.0325985629839647
False,57797.35,2021-05-02,67956000.0,1.0585587950149304,40457464.42765294,57797.35,67956000.0,1107.81,1175.7632486610544,0.06134016542643095,0.0213034088085365
True,42585000.0,2021-05-25,38810.99,1.0585587950149304,40457464.42765294,38810.99,42585000.0,1123.6,1097.2407557756192,-0.023459633521164647,0.0340257265734876
False,38324.72,2021-05-26,46932000.0,1.112622730865375,45013894.55538398,38324.72,46932000.0,1122.54,1224.588203123206,0.09090830003670791,0.0133927253508291
True,43744000.0,2021-06-04,39246.78,1.112622730865375,45013894.55538398,39246.78,43744000.0,1116.64,1114.5882541191913,-0.0018374282497569672,0.0312150620333807
False,36829.15,2021-06-05,45429000.0,1.1034900196468318,49672383.38730109,36829.15,45429000.0,1116.64,1233.5066109318298,0.10465916582947932,0.0119477531660531
True,38495000.0,2021-06-10,37388.05,1.1034900196468318,49672383.38730109,37388.05,38495000.0,1117.03,1029.6070535906526,-0.07826374082105891,0.0449838281211883
False,36677.83,2021-06-11,43282000.0,1.1431680221237068,56783880.271031454,36677.83,43282000.0,1112.56,1180.0589075198832,0.060669903214103815,0.020607420499918
True,41430000.0,2021-06-14,39020.56,1.1431680221237068,56783880.271031454,39020.56,41430000.0,1116.55,1061.7479605623291,-0.049081581154154175,0.039776316022152
False,40516.28,2021-06-15,44746000.0,1.037528235711785,58914879.11447249,40516.28,44746000.0,1117.33,1104.3955664241635,-0.011576198236722068,0.0328664947244473
True,37397000.0,2021-06-23,32509.56,1.037528235711785,58914879.11447249,32509.56,37397000.0,1133.73,1150.3385465690708,0.014649472598476487,0.0254227525431447
False,31576.09,2021-06-26,40100000.0,1.1014110366617391,64889498.0802722,31576.09,40100000.0,1131.87,1269.9482424834741,0.12199125560662805,0.0060434320035842
True,37152000.0,2021-06-27,32283.65,1.1014110366617391,64889498.0802722,32283.65,37152000.0,1131.87,1150.7992435799545,0.016723867210858723,0.0253481098063893
False,35045.0,2021-07-01,41528000.0,1.0273699743143514,66665521.9760004,35045.0,41528000.0,1130.63,1184.9907262091597,0.04808003167186392,0.0198083607373141
True,39440000.0,2021-07-04,34669.12,1.0273699743143514,66665521.9760004,34669.12,39440000.0,1134.51,1137.6117997803233,0.002734043578569656,0.0274847568276591
False,33690.15,2021-07-06,40915000.0,1.0651426964404365,71008293.83712624,33690.15,40915000.0,1130.59,1214.449920822555,0.07417359150758007,0.0150353432082098
True,39509000.0,2021-07-07,34220.02,1.0651426964404365,71008293.83712624,34220.02,39509000.0,1136.93,1154.5580627948202,0.015504967583597873,0.0247391009642694
False,33862.11,2021-07-08,39814000.0,1.0161354334542974,72154043.43703838,33862.11,39814000.0,1141.65,1175.768432622775,0.029885194781916535,0.0213025688962278
True,39069000.0,2021-07-10,33815.81,1.0161354334542974,72154043.43703838,33815.81,39069000.0,1146.81,1155.3471586219582,0.007444265939395622,0.0246112506185794
False,33502.87,2021-07-11,39801000.0,1.0260214144403514,74031593.70486067,33502.87,39801000.0,1146.81,1187.9877753756618,0.03590636232301936,0.0193227748822006
True,39633000.0,2021-07-12,34259.0,1.0260214144403514,74031593.70486067,34259.0,39633000.0,1145.31,1156.8638897807875,0.010088002183502809,0.0243655078376569
False,33086.94,2021-07-13,40194000.0,1.0478263340654477,77572253.43678683,33086.94,40194000.0,1147.18,1214.79955535326,0.05894415466906677,0.0149786949608379
True,35339000.0,2021-07-22,32144.51,1.0478263340654477,77572253.43678683,32144.51,35339000.0,1149.48,1099.3790230431262,-0.04358577526957741,0.0336792816932504
False,32287.58,2021-07-23,38012000.0,1.0687084231796977,82902120.65292434,32287.58,38012000.0,1150.86,1177.2947988049893,0.022969604300253188,0.0210552650361206
True,37922000.0,2021-07-24,33634.1,1.0687084231796977,82902120.65292434,33634.1,37922000.0,1150.86,1127.486687617626,-0.020309431540216694,0.0291252408419344
False,34261.51,2021-07-25,39113000.0,1.0104635434394331,83769570.59359734,34261.51,39113000.0,1150.86,1141.6017566067578,-0.008044630444399847,0.026838298765147
True,40076000.0,2021-07-26,35381.02,1.0104635434394331,83769570.59359734,35381.02,40076000.0,1152.12,1132.6977006315817,-0.016857878839372842,0.0282809456469567
False,40018.49,2021-07-30,46350000.0,1.0203633140372848,85475396.66636325,40018.49,46350000.0,1143.3,1158.2146152940802,0.013045233354395558,0.024146661510167
True,45936000.0,2021-07-31,42206.36,1.0203633140372848,85475396.66636325,42206.36,45936000.0,1143.3,1088.3667769502038,-0.04804795158733155,0.035463500315861
False,41461.84,2021-08-01,48570000.0,1.0740045709404276,91800966.72262032,41461.84,48570000.0,1143.3,1171.4386047507783,0.024611742106864565,0.0220040933133837
True,44950000.0,2021-08-05,39723.17,1.0740045709404276,91800966.72262032,39723.17,44950000.0,1144.94,1131.5813919181173,-0.011667518020055834,0.0284618114556518
False,43794.36,2021-08-09,50956000.0,1.026047023818059,94192108.68936525,43794.36,50956000.0,1145.93,1163.528819692764,0.015357674284436351,0.0232856471110622
True,50790000.0,2021-08-10,46248.87,1.026047023818059,94192108.68936525,46248.87,50790000.0,1147.07,1098.188993590546,-0.04261379550459343,0.0338720918332375
False,45585.0,2021-08-11,52862000.0,1.0536693042816567,99247333.63154568,45585.0,52862000.0,1152.9,1159.6358451244928,0.005842523310341408,0.023916391980315
True,52335000.0,2021-08-12,45510.67,1.0536693042816567,99247333.63154568,45510.67,52335000.0,1154.16,1149.9501106004373,-0.003647578671555851,0.0254856874506177
False,44400.06,2021-08-13,52585000.0,1.0277096372392212,101997441.24343576,44400.06,52585000.0,1163.16,1184.3452463802978,0.018213527270794838,0.0199129422297233
True,52078000.0,2021-08-14,47799.99,1.0277096372392212,101997441.24343576,47799.99,52078000.0,1163.16,1089.4981358782711,-0.06332908982575824,0.0352801960515646
False,47068.5,2021-08-15,55145000.0,1.0730785746692755,109451268.86941922,47068.5,55145000.0,1163.16,1171.5903417359805,0.007247791994205777,0.0219795086871001
True,54817000.0,2021-08-16,46973.82,1.0730785746692755,109451268.86941922,46973.82,54817000.0,1162.37,1166.9691755961087,0.003956722554873782,0.0227282361143083
False,45901.3,2021-08-17,54638000.0,1.0178920079075229,111409571.83751927,45901.3,54638000.0,1165.45,1190.3366571317151,0.021353689245969365,0.0189422059650063
True,52674000.0,2021-08-19,44699.37,1.0178920079075229,111409571.83751927,44699.37,52674000.0,1170.28,1178.4058701498477,0.006943526463622174,0.0208752477927882
False,47674.01,2021-08-25,57627000.0,1.023636749152507,114042931.9402309,47674.01,57627000.0,1164.02,1208.7718234736285,0.03844592315735862,0.0159553160226079
True,56168000.0,2021-08-26,48973.32,1.023636749152507,114042931.9402309,48973.32,56168000.0,1164.05,1146.9101951838265,-0.014724285740452148,0.0259782185520579
False,46843.86,2021-08-27,57088000.0,1.0603871136162428,120929655.42843507,46843.86,57088000.0,1170.71,1218.6869314356247,0.04098105545833275,0.0143488571656489
True,55255000.0,2021-08-28,49069.9,1.0603871136162428,120929655.42843507,49069.9,55255000.0,1170.71,1126.046721106014,-0.038150591430829106,0.0293585461135633
False,48895.35,2021-08-29,57400000.0,1.0404225207573201,125817936.93516655,48895.35,57400000.0,1170.71,1173.9357628077107,0.0027553901544454806,0.02159950047454
True,57428000.0,2021-08-30,48767.84,1.0404225207573201,125817936.93516655,48767.84,57428000.0,1162.33,1177.579322766807,0.013119615571143273,0.0210091660889149
False,46982.91,2021-08-31,57272000.0,1.033095256162348,129981913.78785405,46982.91,57272000.0,1166.07,1218.9964393435826,0.04538873253199416,0.0142987102865686
True,55228000.0,2021-09-02,48810.51,1.033095256162348,129981913.78785405,48810.51,55228000.0,1156.08,1131.477626437421,-0.02128085734774321,0.0284786236755641
False,49246.63,2021-09-03,56445000.0,1.0109920996256552,131410687.93374345,49246.63,56445000.0,1158.23,1146.1697988268436,-0.010412613361039158,0.026098178545423
True,57155000.0,2021-09-04,49998.0,1.0109920996256552,131410687.93374345,49998.0,57155000.0,1158.23,1143.1457258290332,-0.013023556781439627,0.0265881428372939
False,46868.57,2021-09-08,60839000.0,1.13330764500626,148928737.27084333,46868.57,60839000.0,1162.16,1298.0767281783933,0.11695182090107492,0.0014860176869022
True,54800000.0,2021-09-13,46025.23,1.13330764500626,148928737.27084333,46025.23,54800000.0,1170.38,1190.651301470954,0.01732027330521202,0.0188912268745617
False,44940.72,2021-09-14,55078000.0,1.0274193894488384,153012272.31819633,44940.72,55078000.0,1173.44,1225.5700398213469,0.04442497257750455,0.0132336468752481
True,54340000.0,2021-09-15,47103.28,1.0274193894488384,153012272.31819633,47103.28,54340000.0,1172.41,1153.6351608635323,-0.016013885190733435,0.0248886307512677
False,48121.4,2021-09-16,56564000.0,1.0170240658814782,155617163.32281598,48121.4,56564000.0,1166.39,1175.4437734563,0.007762218002812071,0.0213551706021775
True,57642000.0,2021-09-19,48292.75,1.0170240658814782,155617163.32281598,48292.75,57642000.0,1175.36,1193.595311925703,0.01551466097680998,0.0184142344214145
False,47241.75,2021-09-20,58597000.0,1.0372521865554103,161414242.92214128,47241.75,58597000.0,1181.56,1240.3647197658852,0.04976871235137037,0.0108365933359548
True,50699000.0,2021-09-23,43546.37,1.0372521865554103,161414242.92214128,43546.37,50699000.0,1181.99,1164.2531857420033,-0.015005891977086794,0.0231682843692806
False,44865.26,2021-09-24,53853000.0,1.0291567717476595,166120561.15984342,44865.26,53853000.0,1174.83,1200.3273802492172,0.02170303809846308,0.0173234958409154
True,50800000.0,2021-10-01,43820.01,1.0291567717476595,166120561.15984342,43820.01,50800000.0,1184.78,1159.2877317919372,-0.0215164572393719,0.0239727937611582
False,47634.89,2021-10-03,58348000.0,1.0547234899065232,175211258.0117401,47634.89,58348000.0,1184.78,1224.900487856695,0.033863238623790926,0.0133421285668174
True,58466000.0,2021-10-05,49224.93,1.0547234899065232,175211258.0117401,49224.93,58466000.0,1184.45,1187.7315010910122,0.0027704851120875507,0.0193642967794874
False,53785.22,2021-10-08,66998000.0,1.0468541025945965,183420624.2703505,53785.22,66998000.0,1191.33,1245.6581938309446,0.04560297636334565,0.0099789376928199
True,65951000.0,2021-10-10,54949.72,1.0468541025945965,183420624.2703505,54949.72,65951000.0,1191.33,1200.2062976845014,0.007450746379677797,0.017343113797599
False,54659.01,2021-10-11,67057000.0,1.0202922685420774,187142644.83419994,54659.01,67057000.0,1196.54,1226.82426922844,0.025309867809216735,0.0130304349740357
True,67801000.0,2021-10-12,57471.35,1.0202922685420774,187142644.83419994,57471.35,67801000.0,1195.75,1179.7356421938932,-0.01339273075986358,0.0206597963739957
False,55996.91,2021-10-13,70954000.0,1.0720795503442921,200631802.52409062,55996.91,70954000.0,1197.92,1267.1056313643019,0.05775480112553577,0.0065039956027692
True,69188000.0,2021-10-14,57370.83,1.0720795503442921,200631802.52409062,57370.83,69188000.0,1186.87,1205.9787177560443,0.016100093317755526,0.0164078586913952
False,60875.57,2021-10-17,75688000.0,1.0290702136692202,206464211.89230675,60875.57,75688000.0,1182.23,1243.3230604657995,0.05167612094583918,0.0103572790776033
True,76541000.0,2021-10-20,64280.59,1.0290702136692202,206464211.89230675,64280.59,76541000.0,1175.61,1190.7326924037257,0.012863698338501539,0.0188780398083867
False,62193.15,2021-10-22,79919000.0,1.0771757784277562,222398248.16256872,62193.15,79919000.0,1177.86,1285.0128993305532,0.0909725258779086,0.0036026364507976
True,74501000.0,2021-10-26,63078.78,1.0771757784277562,222398248.16256872,63078.78,74501000.0,1168.13,1181.0786448311144,0.011084934751366848,0.0204422013170631
False,60328.81,2021-10-27,76250000.0,1.068214857246836,237569112.91292474,60328.81,76250000.0,1168.06,1263.906912800037,0.08205649778267987,0.0070222561994443
True,71833000.0,2021-10-29,60575.9,1.068214857246836,237569112.91292474,60575.9,71833000.0,1168.45,1185.83463060392,0.014878369296007499,0.0196716302352777
False,61859.19,2021-10-31,74568000.0,1.0147610477673106,241075881.93667004,61859.19,74568000.0,1168.45,1205.4474040154746,0.03166366041805335,0.0164939428437447
True,72325000.0,2021-11-02,60911.12,1.0147610477673106,241075881.93667004,60911.12,72325000.0,1177.56,1187.3858172366556,0.008344217905376983,0.0194203049330716
False,61395.01,2021-11-05,74607000.0,1.0216395942085867,246292666.19525674,61395.01,74607000.0,1185.97,1215.1964793229938,0.024643523295693637,0.0149143848162422
True,74092000.0,2021-11-07,61470.62,1.0216395942085867,246292666.19525674,61470.62,74092000.0,1185.97,1205.323779067138,0.01631894488658059,0.0165139727207725
False,64882.42,2021-11-11,80813000.0,1.0315428946592833,254061449.82040772,64882.42,80813000.0,1185.15,1245.5299910206802,0.050947129916618206,0.0099997092810694
True,77867000.0,2021-11-15,65519.11,1.0315428946592833,254061449.82040772,65519.11,77867000.0,1179.94,1188.4624195902538,0.0072227567420832806,0.0192458724011224
False,63606.73,2021-11-16,79323000.0,1.0474976113582146,266128761.82508197,63606.73,79323000.0,1183.56,1247.0850175759704,0.053672832451223895,0.0097477618295513
True,71813000.0,2021-11-21,59707.52,1.0474976113582146,266128761.82508197,59707.52,71813000.0,1182.99,1202.746320731459,0.016700327755483135,0.016931575916589
False,58617.7,2021-11-22,73669000.0,1.043161385423552,277615247.886507,58617.7,73669000.0,1188.77,1256.7705658870955,0.057202457907833626,0.0081784965297129
True,57980000.0,2021-12-22,48887.59,1.043161385423552,277615247.886507,48887.59,57980000.0,1190.43,1185.9860549476873,-0.0037330586866198834,0.0196470962635714
False,48588.17,2021-12-23,60023000.0,1.0399762325649498,288713259.5995942,48588.17,60023000.0,1187.94,1235.3418537886898,0.03990256560827121,0.0116504047001186
True,59759000.0,2021-12-24,50838.82,1.0399762325649498,288713259.5995942,50838.82,59759000.0,1185.64,1175.460012643881,-0.008586069427582554,0.0213525395076075
False,50819.99,2021-12-25,61490000.0,1.0277296566386203,296719179.15530777,50819.99,61490000.0,1185.64,1209.9569480434766,0.02050955437019386,0.0157633005781842
True,61177000.0,2021-12-27,50775.48,1.0277296566386203,296719179.15530777,50775.48,61177000.0,1187.1,1204.8532086747382,0.014955107972991488,0.0165902151558112
False,47543.74,2021-12-29,61470000.0,1.071416421108102,317909801.0047136,47543.74,61470000.0,1188.14,1292.9146928701866,0.0881837938880825,0.0023223774494574
True,56784000.0,2022-01-02,47722.66,1.071416421108102,317909801.0047136,47722.66,56784000.0,1190.22,1189.8749985855775,-0.0002898635667545335,0.0190170044909705
False,47286.18,2022-01-03,57915000.0,1.0277680832733893,326737546.8324391,47286.18,57915000.0,1189.8,1224.7764568844427,0.029396921234192908,0.013362224228375
True,51255000.0,2022-01-12,42729.29,1.0277680832733893,326737546.8324391,42729.29,51255000.0,1190.55,1199.5284733259082,0.007541450023861529,0.017452935793335
False,42558.35,2022-01-14,53349000.0,1.0434873751205511,340946505.09751004,42558.35,53349000.0,1186.77,1253.5495384572005,0.05626999204327765,0.0087003716381934
True,51885000.0,2022-01-15,43059.96,1.0434873751205511,340946505.09751004,43059.96,51885000.0,1186.77,1204.947705478593,0.015316957353651572,0.0165749046591339
False,42201.63,2022-01-18,52165000.0,1.0243365204714499,349243956.6984849,42201.63,52165000.0,1190.98,1236.089696061503,0.037876115519574594,0.0115292383096594
True,43376000.0,2022-01-24,36244.55,1.0243365204714499,349243956.6984849,36244.55,43376000.0,1193.3,1196.7592369059623,0.00289888285088602,0.0179016111270668
False,36958.32,2022-01-26,44764000.0,1.0106260638756661,352955045.2905534,36958.32,44764000.0,1196.35,1211.2022407944949,0.01241462849040409,0.0155615366057647
True,45100000.0,2022-01-28,37160.11,1.0106260638756661,352955045.2905534,37160.11,45100000.0,1203.82,1213.6670208995613,0.008179811682445415,0.0151621896853461
False,37881.75,2022-01-31,47144000.0,1.023940324845657,361404903.7307228,37881.75,47144000.0,1209.71,1244.5042797653223,0.02876249660275798,0.0101658963702235
True,45835000.0,2022-02-05,41571.7,1.023940324845657,361404903.7307228,41571.7,45835000.0,1200.65,1102.552938657789,-0.08170329516696051,0.0331650397031522
False,41382.6,2022-02-06,50613000.0,1.1077062389858425,400330466.66259944,41382.6,50613000.0,1200.65,1223.0502675037335,0.018656783828537415,0.0136419037064057
True,50788000.0,2022-02-07,42380.87,1.1077062389858425,400330466.66259944,42380.87,50788000.0,1199.0,1198.370868743374,-0.0005247133082785238,0.0176404924131516
False,44043.0,2022-02-09,53511000.0,1.012400782945712,405294877.886238,44043.0,53511000.0,1196.4,1214.971732170833,0.015523012513233958,0.0149507986459805
True,53651000.0,2022-02-10,44372.71,1.012400782945712,405294877.886238,44372.71,53651000.0,1194.17,1209.099016039363,0.012501583559596074,0.015902303851972
False,43495.44,2022-02-11,53659000.0,1.0188568741579358,412937472.3953947,43495.44,53659000.0,1200.1,1233.6695524864215,0.02797229604734741,0.011921353160673
True,51550000.0,2022-02-15,42535.94,1.0188568741579358,412937472.3953947,42535.94,51550000.0,1197.44,1211.9163229965059,0.012089393202587173,0.0154458400664618
False,43873.56,2022-02-17,53835000.0,1.0110409501921946,417496694.460603,43873.56,53835000.0,1196.69,1227.048819380055,0.02536899228710432,0.0129940530625854
True,45450000.0,2022-02-23,38230.33,1.0110409501921946,417496694.460603,38230.33,45450000.0,1193.03,1188.8466565682272,-0.0035064863681321112,0.0191836178196491
False,37250.02,2022-02-24,46500000.0,1.0485647809617782,437772329.9793486,37250.02,46500000.0,1192.6,1248.3214774112873,0.046722687750534675,0.0095474289777727
True,45483000.0,2022-02-25,38328.68,1.0485647809617782,437772329.9793486,38328.68,45483000.0,1206.11,1186.6570933306339,-0.01612863393004449,0.0195383737405514
False,39116.73,2022-02-27,47830000.0,1.0289854208525557,450461345.2014039,39116.73,47830000.0,1206.11,1222.7504701952334,0.013796809739769822,0.0136904772613663
True,46363000.0,2022-03-01,43160.0,1.0289854208525557,450461345.2014039,43160.0,46363000.0,1201.18,1074.2122335495828,-0.10570253121964834,0.0377568380888126
False,44421.2,2022-03-02,52332000.0,1.0951761949708503,493334542.0191242,44421.2,52332000.0,1205.42,1178.0861390507237,-0.022675798434799832,0.0209270510467721
True,47364000.0,2022-03-09,38730.63,1.0951761949708503,493334542.0191242,38730.63,47364000.0,1233.64,1222.908070434176,-0.008699401418423736,0.0136649426629859
False,39422.01,2022-03-11,51571000.0,1.0682574674320615,527008308.45410556,39422.01,51571000.0,1228.77,1308.1778427837646,0.06462384562103951,-0.0001505782115139
True,47500000.0,2022-03-15,39671.37,1.0682574674320615,527008308.45410556,39671.37,47500000.0,1242.01,1197.3370216355017,-0.03596829201415308,0.0178079976838505
False,39280.33,2022-03-16,49212000.0,1.0449320531692425,550687873.790198,39280.33,49212000.0,1241.66,1252.8407984352473,0.009004718228216468,0.0088152026304441
True,48609000.0,2022-03-17,41114.01,1.0449320531692425,550687873.790198,41114.01,48609000.0,1224.95,1182.2977131153102,-0.0348196145840155,0.0202446862673137
False,40917.89,2022-03-18,50392000.0,1.040234764593711,572844670.7567577,40917.89,50392000.0,1210.58,1231.5395539701583,0.017313646326684973,0.012266458326938
True,50069000.0,2022-03-19,41757.51,1.040234764593711,572844670.7567577,41757.51,50069000.0,1210.58,1199.0418011035617,-0.00953113292507557,0.0175317870680787
False,41262.11,2022-03-21,51245000.0,1.0343714088237401,592534149.1278391,41262.11,51245000.0,1211.55,1241.9384272883767,0.02508227253384243,0.0105816191695151
True,50471000.0,2022-03-22,41002.26,1.0343714088237401,592534149.1278391,41002.26,50471000.0,1218.82,1230.9321486181493,0.009937602450033056,0.0123648709424375
False,45497.54,2022-04-06,57069000.0,1.0176224551918813,602976055.620504,45497.54,57069000.0,1218.82,1254.3315528707706,0.029136010953849434,0.0085736686324607
True,53072000.0,2022-04-08,43444.2,1.0176224551918813,602976055.620504,43444.2,53072000.0,1222.76,1221.6130116333136,-0.0009380322930799823,0.0138747697963769
False,42252.02,2022-04-09,53813000.0,1.041158631627592,627793724.9740468,42252.02,53813000.0,1222.76,1273.6195807916404,0.041594082887598915,0.0054485969332397
True,50577000.0,2022-04-14,41147.78,1.041158631627592,627793724.9740468,41147.78,50577000.0,1223.36,1229.1550115218854,0.00473696338108609,0.0126528050364752
False,39942.37,2022-04-15,51645000.0,1.0505202567267633,659510025.1311867,39942.37,51645000.0,1230.26,1292.987872276983,0.05098749229998778,0.0023105208255411
True,50275000.0,2022-04-16,40551.9,1.0505202567267633,659510025.1311867,40551.9,50275000.0,1230.26,1239.7692833134822,0.007729490769009972,0.0109330667345689
False,40378.7,2022-04-17,50807000.0,1.0135602651836384,668453155.9632336,40378.7,50807000.0,1230.26,1258.2624007211725,0.022761368102004687,0.0079367874841323
True,49962000.0,2022-04-19,40801.13,1.0135602651836384,668453155.9632336,40801.13,49962000.0,1235.45,1224.5249089914912,-0.008843005389541303,0.0134029803494511
False,41358.19,2022-04-21,51459000.0,1.0147336472876967,678301908.9915435,41358.19,51459000.0,1233.98,1244.2275641172882,0.008304481529107788,0.0102107302041411
True,49620000.0,2022-04-26,40426.08,1.0147336472876967,678301908.9915435,40426.08,49620000.0,1250.22,1227.42546395792,-0.018232419927756593,0.0129330286117821
False,38112.64,2022-04-27,50614000.0,1.0805121290589719,732913439.8292177,38112.64,50614000.0,1260.98,1328.0108646370338,0.0531577539985042,-0.0033639505457908
True,48718000.0,2022-04-28,39235.72,1.0805121290589719,732913439.8292177,39235.72,48718000.0,1266.4,1241.674678073959,-0.019524101331365284,0.0106243521647726
False,39742.06,2022-04-29,49954000.0,1.010970472276295,740953846.4017882,39742.06,49954000.0,1272.38,1256.955477395988,-0.012122575491607779,0.0081485369233876
True,48772000.0,2022-05-05,39690.0,1.010970472276295,740953846.4017882,39690.0,48772000.0,1251.53,1228.8233812043336,-0.018143087896947185,0.0127065362175081
False,36552.97,2022-05-06,50631000.0,1.1257284650475956,834112836.180997,36552.97,50631000.0,1269.56,1385.1405234649878,0.09103982755048046,-0.0126201731478026
True,39967000.0,2022-05-16,31328.89,1.1257284650475956,834112836.180997,31328.89,39967000.0,1278.56,1275.7234616355702,-0.0022185414563490324,0.0051077233866609
False,29874.01,2022-05-17,40902000.0,1.071856393065365,894049175.9984852,29874.01,40902000.0,1280.64,1369.149973505398,0.0691138598711567,-0.0100293631728946
True,37100000.0,2022-05-20,30319.22,1.071856393065365,894049175.9984852,30319.22,37100000.0,1263.99,1223.646254751936,-0.031917772488756824,0.0135453410671304
False,29201.01,2022-05-21,38781000.0,1.0839571582878433,969111004.1849059,29201.01,38781000.0,1263.99,1328.0705016710037,0.05069700050712722,-0.0033736130166172
True,38037000.0,2022-05-23,30293.93,1.0839571582878433,969111004.1849059,30293.93,38037000.0,1270.41,1255.5980686559983,-0.011659174080810186,0.0083684660760735
False,29109.14,2022-05-24,38933000.0,1.0638649187159857,1031003199.6939422,29109.14,38933000.0,1258.87,1337.483690689591,0.062447822801076525,-0.0048987503049958
True,37436000.0,2022-05-25,29654.58,1.0638649187159857,1031003199.6939422,29654.58,37436000.0,1261.14,1262.4019628671188,0.0010006524788035431,0.0072660901706207
False,29542.14,2022-05-26,37827000.0,1.0130075241454553,1044413998.7080027,29542.14,37827000.0,1266.55,1280.4421074438073,0.010968463498328251,0.0043432021751371
True,37033000.0,2022-05-30,29468.1,1.0130075241454553,1044413998.7080027,29468.1,37033000.0,1251.1,1256.7148883029447,0.0044879612364676635,0.0081875174852624
False,29805.84,2022-06-02,39927000.0,1.0645826702393102,1111865043.579881,29805.84,39927000.0,1247.23,1339.5696950664703,0.07403581942903092,-0.0052367274828276
True,37880000.0,2022-06-03,30452.63,1.0645826702393102,1111865043.579881,30452.63,37880000.0,1241.14,1243.8991312080434,0.0022230620301040283,0.010263943336867
False,29700.21,2022-06-04,38393000.0,1.037910194759074,1154016063.9278007,29700.21,38393000.0,1241.14,1292.6844625004335,0.041529934173770267,0.0023596796773351
True,37974000.0,2022-06-07,31373.1,1.037910194759074,1154016063.9278007,31373.1,37974000.0,1254.8,1210.3999923501342,-0.03538413105663496,0.0156915179558281
False,31125.32,2022-06-08,39532000.0,1.047994841281493,1209402881.7523086,31125.32,39532000.0,1254.85,1270.0913597032898,0.012145961432274754,0.0060202439630467
True,28828000.0,2022-06-16,22583.72,1.047994841281493,1209402881.7523086,22583.72,28828000.0,1278.38,1276.4947493149932,-0.0014747185383117145,0.0049827583405291
False,20400.6,2022-06-17,29235000.0,1.1212491181259314,1356041914.6237361,20400.6,29235000.0,1288.57,1433.046086879798,0.11212125602784306,-0.0203818956565549
True,25096000.0,2022-06-20,20574.0,1.1212491181259314,1356041914.6237361,20574.0,25096000.0,1291.5,1219.7919704481383,-0.0555230581121654,0.0141698172887517
False,20573.9,2022-06-21,26666000.0,1.0612549707748336,1439106222.4734626,20573.9,26666000.0,1292.55,1296.1081758927571,0.0027528342367857395,0.0018049651221463
True,26643000.0,2022-06-22,20723.51,1.0612549707748336,1439106222.4734626,20723.51,26643000.0,1292.08,1285.6412837400615,-0.0049832179585926895,0.0035008247807584
False,19988.0,2022-06-23,26967000.0,1.0481127250079425,1508345544.412547,19988.0,26967000.0,1297.69,1349.1594956974184,0.039662396795396626,-0.0067904796173587
True,26180000.0,2022-06-24,21110.12,1.0481127250079425,1508345544.412547,21110.12,26180000.0,1300.14,1240.1634855699542,-0.04613081239716177,0.0108691975655422
False,21237.68,2022-06-25,27419000.0,1.0397542749068855,1568308727.8396995,21237.68,27419000.0,1300.14,1291.0543901217081,-0.006988178102582676,0.0026237861520528
True,27592000.0,2022-06-26,21491.18,1.0397542749068855,1568308727.8396995,21491.18,27592000.0,1300.14,1283.8755247501533,-0.012509787599679134,0.0037869153790117
False,21038.08,2022-06-27,27837000.0,1.029339228948841,1614321696.6682541,21038.08,27837000.0,1289.29,1323.1720765393038,0.02627963959954993,-0.002579963722214
True,25454000.0,2022-07-05,20236.71,1.029339228948841,1614321696.6682541,20236.71,25454000.0,1296.06,1257.8131524343632,-0.02951009024708484,0.0080095752835274
False,20175.84,2022-07-06,26399000.0,1.0389774885108363,1677243902.0529346,20175.84,26399000.0,1309.09,1308.4461415237236,-0.0004918366775977789,-0.0001940483268944
True,26523000.0,2022-07-07,20564.51,1.0389774885108363,1677243902.0529346,20564.51,26523000.0,1305.14,1289.7462667479072,-0.011794698846172125,0.0028357300247663
False,21592.15,2022-07-10,28241000.0,1.0128519251265795,1698799715.101131,21592.15,28241000.0,1297.97,1307.929039025757,0.007672780592584472,-0.0001102666987974
True,25723000.0,2022-07-14,20234.87,1.0128519251265795,1698799715.101131,20234.87,25723000.0,1305.1,1271.2214113557438,-0.025958615159187848,0.0058371515052677
False,20588.84,2022-07-15,26604000.0,1.0152211278703485,1724657362.790797,20588.84,26604000.0,1317.57,1292.156333236841,-0.019288285831613572,0.0024452478765286
True,27140000.0,2022-07-16,20830.04,1.0152211278703485,1724657362.790797,20830.04,27140000.0,1317.57,1302.9259665367902,-0.01111442539159957,0.000700337698322
False,20799.58,2022-07-18,27856000.0,1.0266227460808321,1770572477.836814,20799.58,27856000.0,1319.15,1339.2578119365871,0.015243006433375283,-0.0051861957671612
True,27505000.0,2022-07-19,22432.58,1.0266227460808321,1770572477.836814,22432.58,27505000.0,1319.2,1226.118440232911,-0.07055909624551915,0.0131447943179493
False,23398.48,2022-07-20,29322000.0,1.0207980698639612,1807396967.9300709,23398.48,29322000.0,1304.38,1253.1583248142615,-0.03926898234083531,0.0087637565881175
True,28401000.0,2022-07-28,22954.31,1.0207980698639612,1807396967.9300709,22954.31,28401000.0,1306.37,1237.2839784772445,-0.05288396206492452,0.0113357390989768
False,23845.25,2022-07-29,30200000.0,1.022355357615474,1847801973.501271,23845.25,30200000.0,1296.07,1266.499617324205,-0.022815420984819368,0.0066021827960793
True,30318000.0,2022-08-06,23313.56,1.022355357615474,1847801973.501271,23313.56,30318000.0,1302.81,1300.4448912993125,-0.0018153903490819578,0.0011023247775656
False,22954.21,2022-08-07,30767000.0,1.029430061676406,1902182899.547198,22954.21,30767000.0,1302.81,1340.3641423512288,0.02882549439383264,-0.0053654448787328
True,30997000.0,2022-08-11,23954.05,1.029430061676406,1902182899.547198,23954.05,30997000.0,1297.54,1294.0191742106242,-0.00271346223575053,0.0021434279273248
False,23933.09,2022-08-12,31583000.0,1.0185442174554804,1937457392.8764977,23933.09,31583000.0,1307.05,1319.6373723576855,0.009630367895402392,-0.0020072662930931
True,31770000.0,2022-08-13,24401.7,1.0185442174554804,1937457392.8764977,24401.7,31770000.0,1307.05,1301.9584701065908,-0.003895436206272973,0.0008570927447953
False,24443.06,2022-08-14,32368000.0,1.0158487640787015,1968163698.0087333,24443.06,32368000.0,1307.05,1324.220453576598,0.013136799339426908,-0.0027498231512237
True,27098000.0,2022-08-30,20287.2,1.0158487640787015,1968163698.0087333,20287.2,27098000.0,1345.98,1335.7190740959816,-0.007623386606055327,-0.0046128447992962
False,19813.03,2022-08-31,27792000.0,1.0488704887631308,2064348819.896271,19813.03,27792000.0,1350.55,1402.7132649574548,0.038623719934437695,-0.0154673318796922
True,26887000.0,2022-09-10,21361.62,1.0488704887631308,2064348819.896271,21361.62,26887000.0,1384.88,1258.6592215384414,-0.09114203285595768,0.0078724940524348
False,21647.21,2022-09-11,29344000.0,1.0756666388257554,2220551156.4617367,21647.21,29344000.0,1384.88,1355.5557506025027,-0.021174577867755673,-0.0078268092653086
True,29727000.0,2022-09-12,21826.87,1.0756666388257554,2220551156.4617367,21826.87,29727000.0,1380.06,1361.945162086914,-0.013126123438898185,-0.0088620301332236
False,20173.62,2022-09-14,30684000.0,1.1154167847669598,2476840031.3511047,20173.62,30684000.0,1392.37,1520.996231712504,0.09237934723708796,-0.0346316940126474
True,26523000.0,2022-09-23,19401.63,1.1154167847669598,2476840031.3511047,19401.63,26523000.0,1407.07,1367.0500880596114,-0.028442019189086953,-0.0096891369659876
False,19288.57,2022-09-24,27571000.0,1.0443316532036213,2586642444.6618085,19288.57,27571000.0,1407.07,1429.3957509550994,0.015866837438861747,-0.0197904634200544
True,27051000.0,2022-09-27,19226.68,1.0443316532036213,2586642444.6618085,19226.68,27051000.0,1430.61,1406.95117409766,-0.016537579006395742,-0.0161539635028036
False,19078.1,2022-09-28,27604000.0,1.0271371957889561,2656836667.11862,19078.1,27604000.0,1426.67,1446.8946069053,0.01417609321377733,-0.0226256511190283
True,28280000.0,2022-10-05,20337.82,1.0271371957889561,2656836667.11862,20337.82,28280000.0,1416.34,1390.512847492996,-0.018235135989242757,-0.0134906041658336
False,20158.26,2022-10-06,28952000.0,1.0316228815529174,2740853498.3483596,20158.26,28952000.0,1417.05,1436.2350718762434,0.01353874025351498,-0.0208985792077462
True,27803000.0,2022-10-26,20079.02,1.0316228815529174,2740853498.3483596,20079.02,27803000.0,1427.26,1384.6791327465185,-0.029833994684557497,-0.01254541801563
False,20295.11,2022-10-28,29116000.0,1.0348130813130936,2836271054.053638,20295.11,29116000.0,1421.67,1434.6312978840715,0.009116952516457166,-0.0206387336322709
True,28590000.0,2022-10-29,20591.84,1.0348130813130936,2836271054.053638,20591.84,28590000.0,1421.67,1388.4140513912307,-0.023392171607172774,-0.0131505544558803
False,20627.48,2022-10-31,29091000.0,1.0145286536094555,2877478253.7405086,20627.48,29091000.0,1422.05,1410.3031490031744,-0.008260504902658394,-0.0166970548938311
True,28685000.0,2022-11-05,21148.52,1.0145286536094555,2877478253.7405086,21148.52,28685000.0,1424.06,1356.3596885266675,-0.04754035045807925,-0.0079570643471161
False,21299.37,2022-11-06,29388000.0,1.016013099904494,2923555600.4906645,21299.37,29388000.0,1424.06,1379.759119635933,-0.03110885802850083,-0.0117482710084417
True,22924000.0,2022-11-11,17602.45,1.016013099904494,2923555600.4906645,17602.45,22924000.0,1350.14,1302.3187113157544,-0.03541950366943114,0.0007987259894033
False,17069.98,2022-11-12,24779000.0,1.1132845346828484,3254749236.3116846,17069.98,24779000.0,1350.14,1451.6127142503976,0.07515717944094491,-0.0233900850880448
True,22544000.0,2022-12-09,17224.1,1.1132845346828484,3254749236.3116846,17224.1,22544000.0,1316.82,1308.8637432434787,-0.006042023022524878,-0.0002617087077953
False,17128.56,2022-12-10,22918000.0,1.0210211891101466,3323167935.514298,17128.56,22918000.0,1316.82,1337.999224686722,0.01608361407536485,-0.0049822778025207
True,22824000.0,2022-12-14,17775.82,1.0210211891101466,3323167935.514298,17775.82,22824000.0,1289.57,1283.9913995528757,-0.004325938450122302,0.0037681411907885
False,17804.01,2022-12-15,23182000.0,1.0128480920283152,3365864302.975332,17804.01,23182000.0,1295.91,1302.0662199133792,0.004750499582053536,0.0008396349791195
True,21654000.0,2022-12-21,16896.15,1.0128480920283152,3365864302.975332,16896.15,21654000.0,1284.06,1281.5937358510666,-0.0019206767198833852,0.0041566138231132
False,16824.68,2022-12-22,22017000.0,1.0198461615326369,3432663789.6291165,16824.68,22017000.0,1280.37,1308.6132990345136,0.022058701027448002,-0.000221131407053
True,21061000.0,2022-12-30,16633.47,1.0198461615326369,3432663789.6291165,16633.47,21061000.0,1261.24,1266.181981270294,0.003918351202224946,0.0066536466080772
False,16831.85,2023-01-06,21589000.0,1.0117622028194138,3473039477.333592,16831.85,21589000.0,1274.58,1282.6278751295906,0.0063141388767993245,0.0039890612145404
True,21575000.0,2023-01-07,16950.31,1.0117622028194138,3473039477.333592,16950.31,21575000.0,1274.58,1272.838077887661,-0.0013666636165160506,0.0055752170635146
False,22827.38,2023-01-31,29657000.0,1.0194619516872394,3540631603.849334,22827.38,29657000.0,1231.88,1299.1854518564987,0.05463637030920099,0.0013063808156306
True,28724000.0,2023-02-01,23125.13,1.0194619516872394,3540631603.849334,23125.13,28724000.0,1233.72,1242.1119362356017,0.006802140060631068,0.0105535070212562
False,23489.33,2023-02-03,29599000.0,1.0132532655771542,3587556534.8060145,23489.33,29599000.0,1225.19,1260.1040557563795,0.028496850085602654,0.0076384001086129
True,29225000.0,2023-02-08,23242.42,1.0132532655771542,3587556534.8060145,23242.42,29225000.0,1255.81,1257.3991864874656,0.001265467297971501,0.0080766465917191
False,22961.85,2023-02-09,29452000.0,1.018842707632938,3655155813.7080007,22961.85,29452000.0,1260.87,1282.6492638877094,0.01727320333397553,0.0039855957797664
True,28334000.0,2023-02-15,22199.84,1.018842707632938,3655155813.7080007,22199.84,28334000.0,1272.59,1276.3155049766124,0.00292749823321925,0.0050117997444206
False,23517.72,2023-02-17,31183000.0,1.0376171095402618,3792652210.3389792,23517.72,31183000.0,1289.94,1325.9363577761787,0.027905451242832058,-0.0030278362106553
True,30466000.0,2023-02-18,24568.24,1.0376171095402618,3792652210.3389792,24568.24,30466000.0,1289.94,1240.0562677668404,-0.03867135853850534,0.0108865691352816
False,24632.05,2023-02-19,31641000.0,1.0346195812062695,3923952241.5219474,24632.05,31641000.0,1289.94,1284.54594725165,-0.0041816307334838765,0.0036782926419157
True,31434000.0,2023-02-21,24843.89,1.0346195812062695,3923952241.5219474,24843.89,31434000.0,1296.42,1265.2607945052084,-0.024034807774325984,0.0068028985015873
False,24450.67,2023-02-22,31883000.0,1.0293448143660509,4039099891.6306577,24450.67,31883000.0,1306.16,1303.9724473807876,-0.0016747968236758837,0.0005307854930489
True,27722000.0,2023-03-13,21998.05,1.0293448143660509,4039099891.6306577,21998.05,27722000.0,1319.1,1260.202608867604,-0.0446496786690892,0.0076224324036706
False,24670.41,2023-03-15,31676000.0,1.0176223381824432,4110278275.8736424,24670.41,31676000.0,1304.94,1283.9673114471952,-0.01607176464266924,0.0037720439774113
True,32505000.0,2023-03-17,24998.78,1.0176223381824432,4110278275.8736424,24998.78,32505000.0,1301.84,1300.2634528564993,-0.0012110145206019052,0.0011317216731484
False,26907.49,2023-03-19,36207000.0,1.0336185867916134,4248460022.828784,26907.49,36207000.0,1301.84,1345.6104601358209,0.03362199666304688,-0.0062154601991694
True,35760000.0,2023-03-20,27972.87,1.0336185867916134,4248460022.828784,27972.87,35760000.0,1309.1,1278.3815175203688,-0.023465344495936957,0.0046770616697342
False,27717.01,2023-03-21,37228000.0,1.0493854141075802,4458271980.375683,27717.01,37228000.0,1303.87,1343.1463206168341,0.030122880821580544,-0.0058162170673516
True,36372000.0,2023-03-24,28295.42,1.0493854141075802,4458271980.375683,28295.42,36372000.0,1286.67,1285.4377139480525,-0.0009577327923613321,0.0035338074266999
False,27454.46,2023-03-25,37268000.0,1.0547379930155762,4702308840.899026,27454.46,37268000.0,1286.67,1357.4479337783368,0.05500861431317805,-0.0081333832767524
True,36020000.0,2023-03-30,28348.6,1.0547379930155762,4702308840.899026,28348.6,36020000.0,1307.13,1270.6094833607303,-0.027939467871802792,0.0059362968853461
False,28028.53,2023-03-31,37402000.0,1.0489509680829354,4932491410.885979,28028.53,37402000.0,1296.97,1334.4260294778214,0.028879642148871065,-0.0044033440064406
True,36814000.0,2023-04-05,28165.47,1.0489509680829354,4932491410.885979,28165.47,36814000.0,1310.54,1307.061447936072,-0.0026542891204602848,3.030155276223523e-05
