state,enter_price,enter_time,exit_price,ror,fiat_money,비공식환율,seed_fiat,seed_krw,바이낸스USDT,비트코인KRW,달러환율,김치프리미엄,선형회귀예상김프,LSTM달러_예측값_예상김프
False,0.0,,0.0,1.0,1000000.0,0.0,,,,,,,,
True,8343000.0,2020-01-01,7195.24,1.0,1000000.0,1159.5165692874734,855.4359007388061,988088.3458663728,7195.24,8343000.0,1155.07,-0.0038496102292271406,-0.0246561562237159,-0.025575742705038
False,6965.49,2020-01-03,8300000.0,1.0112500435945584,1011250.0435945584,1191.5888185899341,1011250.0435945584,1011250.0435945584,6965.49,8300000.0,1157.94,-0.029059207376836538,-0.0241911550419694,-0.025575742705038
True,8038000.0,2020-01-04,7345.0,1.0112500435945584,1011250.0435945584,1094.349897889721,916.900407708558,1061715.6581020476,7345.0,8038000.0,1157.94,0.05491657781083581,-0.0241911550419694,-0.0257004231721603
False,7354.19,2020-01-05,8476000.0,1.0368415233988624,1048506.0357377478,1152.5402525635047,1048506.0357377478,1048506.0357377478,7354.19,8476000.0,1157.94,0.004663235950477018,-0.0241911550419694,-0.0257004231721603
True,8483000.0,2020-01-06,7357.64,1.0368415233988624,1048506.0357377478,1152.951218053615,902.2437651505505,1051916.9833513754,7357.64,8483000.0,1165.89,0.011097772471146627,-0.0229030855663998,-0.025565438370747
False,9851.74,2020-02-11,11821000.0,1.0217488103207013,1071309.7946291186,1199.889562655937,1071309.7946291186,1071309.7946291186,9851.74,11821000.0,1188.17,-0.009863540281219718,-0.0192932506084512,-0.025565438370747
True,11520000.0,2020-02-12,10223.08,1.0217488103207013,1071309.7946291186,1126.861963322208,940.9316612230482,1112454.0937473977,10223.08,11520000.0,1182.29,0.04688192971080851,-0.0202459359564197,-0.0200543006544373
False,9904.46,2020-02-16,11857000.0,1.04085930467678,1115082.7679310883,1197.1374512088494,1115082.7679310883,1115082.7679310883,9904.46,11857000.0,1184.59,-0.01059223124359443,-0.0198732869257518,-0.0200543006544373
True,11513000.0,2020-02-17,9910.7,1.04085930467678,1115082.7679310883,1161.6737465567517,950.39860672321,1124739.7271405158,9910.7,11513000.0,1183.44,0.018392359091503052,-0.0200596114410857,-0.0200901383775378
False,9706.0,2020-02-18,11659000.0,1.0137911052439093,1130460.9917392957,1201.2157428394808,1130460.9917392957,1130460.9917392957,9706.0,11659000.0,1185.38,-0.01335921210032276,-0.0197452900847832,-0.0200901383775378
True,11438000.0,2020-02-19,10164.78,1.0137911052439093,1130460.9917392957,1125.257998697463,994.8737110806247,1184944.333582578,10164.78,11438000.0,1191.05,0.05523865606190914,-0.0188266292135279,-0.0205442410940871
False,9594.65,2020-02-20,11837000.0,1.0756670859738078,1215999.680791269,1233.7083687263214,1215999.680791269,1215999.680791269,9594.65,11837000.0,1193.0,-0.03412268962809861,-0.0185106876440485,-0.0205442410940871
True,11419000.0,2020-02-21,9597.21,1.0756670859738078,1215999.680791269,1189.8249595455347,1012.7490265064179,1220575.2542358,9597.21,11419000.0,1205.21,0.012765443743800176,-0.0165324073551549,-0.0210563724417495
False,9316.48,2020-02-26,11635000.0,1.0308875547450016,1253558.937501614,1248.862231228962,1253558.937501614,1253558.937501614,9316.48,11635000.0,1216.04,-0.02699107860675798,-0.0147777164846619,-0.0210563724417495
True,10742000.0,2020-02-28,8823.25,1.0308875547450016,1253558.937501614,1217.465219731958,1021.0887436034965,1238253.8975930882,8823.25,10742000.0,1212.68,-0.003945987178775923,-0.0153221081120724,-0.0203317067825872
False,8034.76,2020-03-09,10678000.0,1.0742075686816364,1346582.4984527442,1328.975601013596,1346582.4984527442,1346582.4984527442,8034.76,10678000.0,1188.7,-0.11800757214906676,-0.0192073793100799,-0.0203317067825872
True,9574000.0,2020-03-12,7934.58,1.0742075686816364,1346582.4984527442,1206.6171114287083,1108.1882274647337,1321747.1807794627,7934.58,9574000.0,1192.71,-0.01166009459861006,-0.0185576738261762,-0.0155471729687421
False,4800.01,2020-03-13,9507000.0,1.622649845276451,2185031.882766322,1980.620873706513,2185031.882766322,2185031.882766322,4800.01,9507000.0,1211.21,-0.6352415136157339,-0.0155602794490646,-0.0155471729687421
True,6362000.0,2020-03-14,5576.05,1.622649845276451,2185031.882766322,1140.9510316442643,1908.9300811880341,2312115.2036357587,5576.05,6362000.0,1211.21,0.058007255848065764,-0.0155602794490646,-0.0160466464009607
False,5172.48,2020-03-15,7261000.0,1.2226685196629739,2671569.6975183,1403.7753650086613,2671569.6975183,2671569.6975183,5172.48,7261000.0,1211.21,-0.15898594381540887,-0.0155602794490646,-0.0160466464009607
True,6385000.0,2020-03-18,5312.64,1.2226685196629739,2671569.6975183,1201.8506806408866,2216.765365983384,2748257.0301315603,5312.64,6385000.0,1239.76,0.030577950054134106,-0.0109345708292517,-0.0165977206166059
False,5393.26,2020-03-19,6774000.0,1.0392842143457537,2776520.214155229,1256.0121336631275,2776520.214155229,2776520.214155229,5393.26,6774000.0,1256.5,0.00038827404446672986,-0.0082223339712599,-0.0165977206166059
True,6747000.0,2020-03-20,6162.05,1.0392842143457537,2776520.214155229,1094.927824344171,2528.7353983730973,3182059.4758967706,6162.05,6747000.0,1258.36,0.12987712233051651,-0.0079209743203719,-0.0160996711998748
False,6204.57,2020-03-21,7675000.0,1.1234362099142337,3119243.3461408066,1236.9914434038137,3119243.3461408066,3119243.3461408066,6204.57,7675000.0,1258.36,0.016981274513005906,-0.0079209743203719,-0.0160996711998748
True,7788000.0,2020-03-22,6187.04,1.1234362099142337,3119243.3461408066,1258.7602472264605,2470.973693257817,3109374.4566479065,6187.04,7788000.0,1258.36,-0.0003180705254939298,-0.0079209743203719,-0.0149321960580982
False,5816.05,2020-03-23,7740000.0,1.0513564770842518,3279436.695567092,1330.8001134790793,3279436.695567092,3279436.695567092,5816.05,7740000.0,1254.85,-0.060525252802390295,-0.0084896691454347,-0.0149321960580982
True,7379000.0,2020-03-24,6465.25,1.0513564770842518,3279436.695567092,1141.3325084103476,2865.7982993818423,3648161.2351130852,6465.25,7379000.0,1273.0,0.10343086534929491,-0.0055489822295116,-0.0132522731207732
False,6744.69,2020-03-25,8047000.0,1.0397687727443814,3409855.8682426848,1193.086709693107,3409855.8682426848,3409855.8682426848,6744.69,8047000.0,1234.21,0.03331952447872988,-0.0118337891423852,-0.0132522731207732
True,8276000.0,2020-03-27,6737.27,1.0397687727443814,3409855.8682426848,1228.390727995167,2768.1440380164695,3358865.975729184,6737.27,8276000.0,1213.4,-0.012354316791797437,-0.0152054527633416,-0.0104837298992883
False,6359.11,2020-03-28,8281000.0,1.054337232843894,3595138.000519506,1302.226254931901,3595138.000519506,3595138.000519506,6359.11,8281000.0,1213.4,-0.07320442964554208,-0.0152054527633416,-0.0104837298992883
True,7218000.0,2020-03-31,6394.45,1.054337232843894,3595138.000519506,1128.7913737694407,3177.2793719352485,3891245.819602818,6394.45,7218000.0,1224.71,0.0783194603053452,-0.0133729916603615,-0.0089513705668489
False,6412.14,2020-04-01,7794000.0,1.0716352729036889,3852676.6923131435,1215.5068354714651,3852676.6923131435,3852676.6923131435,6412.14,7794000.0,1218.8,0.0027019728655520714,-0.0143305376478604,-0.0089513705668489
True,7799000.0,2020-04-02,6643.36,1.0716352729036889,3852676.6923131435,1173.9541436863276,3273.847536133836,4048767.247936715,6643.36,7799000.0,1236.7,0.05073652164120046,-0.0114303560613577,-0.0095996140615188
False,6732.97,2020-04-04,8160000.0,1.0273396631699354,3958007.5753836455,1211.9465852365302,3958007.5753836455,3958007.5753836455,6732.97,8160000.0,1227.85,0.01295224560285857,-0.0128642447228409,-0.0095996140615188
True,8149000.0,2020-04-05,6857.41,1.0273396631699354,3958007.5753836455,1188.349537215946,3322.506954813003,4079540.1644671457,6857.41,8149000.0,1227.85,0.03217043025129618,-0.0128642447228409,-0.0116276890075293
False,6772.78,2020-04-06,8248000.0,1.019794712295322,4036355.196601069,1217.8160223719065,4036355.196601069,4036355.196601069,6772.78,8248000.0,1236.42,0.015046648896081871,-0.0114757220303086,-0.0116276890075293
True,8198000.0,2020-04-07,7329.9,1.019794712295322,4036355.196601069,1118.432720773817,3600.1773270143512,4408921.161754856,7329.9,8198000.0,1224.64,0.0867253063971315,-0.0133843331525992,-0.0130405101509956
False,7197.32,2020-04-08,8777000.0,1.0850930599876238,4379821.011476801,1219.4816959646091,4379821.011476801,4379821.011476801,7197.32,8777000.0,1215.43,-0.003333549414288761,-0.0148765494884477,-0.0130405101509956
True,8652000.0,2020-04-09,7360.26,1.0850930599876238,4379821.011476801,1175.5019523766823,3717.056622242696,4520907.287368901,7360.26,8652000.0,1216.26,0.03351096609550397,-0.0147420717947719,-0.0142301564227918
False,7283.54,2020-04-10,8821000.0,1.0253941699369458,4491042.930535648,1211.0869165268537,4491042.930535648,4491042.930535648,7283.54,8821000.0,1211.11,1.9059765955398156e-05,-0.0155764815808328,-0.0142301564227918
True,8413000.0,2020-04-12,6876.84,1.0253941699369458,4491042.930535648,1223.3816694877298,3662.616253172832,4435831.170380148,6876.84,8413000.0,1211.11,-0.010132580432603122,-0.0155764815808328,-0.015454077956251
False,6621.25,2020-04-16,8375000.0,1.0292506720371768,4622408.954401627,1264.8669057957336,4622408.954401627,4622408.954401627,6621.25,8375000.0,1224.72,-0.032780477003505615,-0.0133713714471846,-0.015454077956251
True,8107000.0,2020-04-17,7101.99,1.0292506720371768,4622408.954401627,1141.511041271531,4040.5567734515657,4965763.463436506,7101.99,8107000.0,1228.98,0.07117199525498297,-0.0126811606338606,-0.0160956760453128
False,7026.78,2020-04-18,8557000.0,1.0621773852295047,4909818.256647769,1217.7697323667455,4909818.256647769,4909818.256647769,7026.78,8557000.0,1228.98,0.00912160298235487,-0.0126811606338606,-0.0160956760453128
True,8519000.0,2020-04-19,7248.6,1.0621773852295047,4909818.256647769,1175.2614297933392,4168.609769450344,5123138.034459084,7248.6,8519000.0,1228.98,0.043709881533190775,-0.0126811606338606,-0.0159964300770356
False,7121.4,2020-04-20,8712000.0,1.0364524156243176,5088792.992378957,1223.3549582947176,5088792.992378957,5088792.992378957,7121.4,8712000.0,1216.26,-0.0058334223724509915,-0.0147420717947719,-0.0159964300770356
True,8387000.0,2020-04-22,6841.36,1.0364524156243176,5088792.992378957,1225.9258393068046,4142.332482953965,5109691.387698204,6841.36,8387000.0,1233.53,0.006164552700943959,-0.0119439636384088,-0.015608227632766
False,9539.1,2020-05-10,11881000.0,1.0111463300280026,5145514.3585161995,1245.505341174744,5145514.3585161995,5145514.3585161995,9539.1,11881000.0,1220.11,-0.020813976751886454,-0.0141182897216974,-0.015608227632766
True,10441000.0,2020-05-13,8810.99,1.0111463300280026,5145514.3585161995,1184.9973725994469,4331.6816269447345,5314280.287200877,8810.99,10441000.0,1226.84,0.03410601822613635,-0.0130278862536994,-0.0176043017862949
False,9315.96,2020-05-16,11777000.0,1.0615309134786164,5462122.557313038,1264.1745992898211,5462122.557313038,5462122.557313038,9315.96,11777000.0,1227.53,-0.029852304456771783,-0.0129160915444991,-0.0176043017862949
True,11314000.0,2020-05-17,9380.81,1.0615309134786164,5462122.557313038,1206.0792191719052,4517.666740735185,5545571.454254662,9380.81,11314000.0,1227.53,0.01747475078254268,-0.0129160915444991,-0.0189390987478454
False,9511.43,2020-05-21,11727000.0,1.0172072374783798,5556110.597292739,1232.9376339835335,5556110.597292739,5556110.597292739,9511.43,11727000.0,1227.4,-0.004511678331052149,-0.0129371543157977,-0.0189390987478454
True,11089000.0,2020-05-23,9170.0,1.0172072374783798,5556110.597292739,1209.2693565976008,4583.5926268280755,5652807.278888261,9170.0,11089000.0,1233.27,0.019460980484726886,-0.011986089181006,-0.018843531486244
False,8718.14,2020-05-25,11140000.0,1.0516995779288285,5843359.170098664,1277.7954930753579,5843359.170098664,5843359.170098664,8718.14,11140000.0,1240.56,-0.03001506825575384,-0.0108049537751064,-0.018843531486244
True,10663000.0,2020-05-26,8900.35,1.0516995779288285,5843359.170098664,1198.042773598791,4866.4854335050995,6039065.098708154,8900.35,10663000.0,1240.95,0.034576112173100526,-0.0107417654612105,-0.0182467898850365
False,8841.0,2020-05-27,10821000.0,1.0170621168177834,5943059.246867154,1223.9565659993214,5943059.246867154,5943059.246867154,8841.0,10821000.0,1230.99,0.00571364024133314,-0.0123554977853203,-0.0182467898850365
True,10724000.0,2020-05-28,9204.07,1.0170621168177834,5943059.246867154,1165.1367275563964,5089.396749228277,6301996.418699406,9204.07,10724000.0,1238.26,0.0590532460417067,-0.0111776028057743,-0.0176012757533841
False,9426.6,2020-05-30,11579000.0,1.0495108958620258,6237305.434340644,1228.3325907538242,6237305.434340644,6237305.434340644,9426.6,11579000.0,1238.03,0.007832935588132472,-0.0112148677088411,-0.0176012757533841
True,11397000.0,2020-05-31,9697.72,1.0495108958620258,6237305.434340644,1175.2246919894574,5295.41893656123,6555887.5060308995,9697.72,11397000.0,1238.03,0.05073003724509306,-0.0112148677088411,-0.0173093130224738
False,9448.27,2020-06-01,11583000.0,1.038516533429898,6477544.81761491,1225.9387168232915,6477544.81761491,6477544.81761491,9448.27,11583000.0,1231.47,0.004491610170534899,-0.0122777275528331,-0.0173093130224738
True,11432000.0,2020-06-02,10202.71,1.038516533429898,6477544.81761491,1120.4866158108973,5768.36059643964,7054993.427475502,10202.71,11432000.0,1223.05,0.08385870094362669,-0.0136419470477131,-0.0172627951832176
False,9518.02,2020-06-03,12111000.0,1.1307568997311672,7324528.495835925,1272.4285092907978,7324528.495835925,7324528.495835925,9518.02,12111000.0,1220.12,-0.042871610407827054,-0.0141166695085205,-0.0172627951832176
True,11520000.0,2020-06-04,9666.32,1.1307568997311672,7324528.495835925,1191.7668771569738,6133.554575037951,7458095.685517396,9666.32,11520000.0,1215.95,0.01988825432215635,-0.0147922984032533,-0.0174190215489851
False,9621.17,2020-06-06,11785000.0,1.0236700941739258,7497900.775111965,1224.9030003627417,7497900.775111965,7497900.775111965,9621.17,11785000.0,1216.54,-0.006874414620761993,-0.0146967058258211,-0.0174190215489851
True,11601000.0,2020-06-07,9666.85,1.0236700941739258,7497900.775111965,1200.0806881248802,6235.382860234195,7585592.664789307,9666.85,11601000.0,1216.54,0.013529610103341971,-0.0146967058258211,-0.0178275557699365
False,9278.88,2020-06-12,11732000.0,1.0494390108447935,7868589.572845912,1264.3767351232045,7868589.572845912,7868589.572845912,9278.88,11732000.0,1206.2,-0.0482314169484368,-0.0163720062506499,-0.0178275557699365
True,11090000.0,2020-06-13,9464.96,1.0494390108447935,7868589.572845912,1171.6901075123403,6703.042690448734,8085210.0932192635,9464.96,11090000.0,1206.2,0.028610423219747605,-0.0163720062506499,-0.0202653120604854
False,9473.34,2020-06-14,11374000.0,1.0208730668113888,8032831.168711321,1200.6325118701534,8032831.168711321,8032831.168711321,9473.34,11374000.0,1206.2,0.004615725526319503,-0.0163720062506499,-0.0202653120604854
True,11382000.0,2020-06-15,9342.1,1.0208730668113888,8032831.168711321,1218.3556159749949,6580.8118671619495,7920730.971434793,9342.1,11382000.0,1203.61,-0.012251157746275831,-0.0167916414634456,-0.0212193431030895
False,9298.33,2020-06-25,11506000.0,1.011851871956055,8128035.2551674945,1237.4265056198265,8128035.2551674945,8128035.2551674945,9298.33,11506000.0,1206.2,-0.025888331636400697,-0.0163720062506499,-0.0212193431030895
True,11232000.0,2020-06-26,9249.49,1.011851871956055,8128035.2551674945,1214.3372229171555,6681.052757162864,8033030.59310234,9249.49,11232000.0,1202.36,-0.009961428288661978,-0.0169941681105477,-0.0208711317604254
False,11071.36,2020-08-03,13922000.0,1.0314568973256708,8383718.025648732,1257.4787559974563,8383718.025648732,8383718.025648732,11071.36,13922000.0,1194.1,-0.05307658989821329,-0.0183324641945987,-0.0208711317604254
True,13030000.0,2020-08-04,11219.68,1.0314568973256708,8383718.025648732,1161.3521954280336,7204.5004260188925,8592807.658112733,11219.68,13030000.0,1192.7,0.026283059086079086,-0.0185592940393531,-0.0227474897230453
False,11191.99,2020-08-05,13273000.0,1.0170930169024428,8527021.05956646,1185.9374427604027,8527021.05956646,8527021.05956646,11191.99,13273000.0,1193.32,0.006186569603792158,-0.0184588408223904,-0.0227474897230453
True,13322000.0,2020-08-06,11744.91,1.0170930169024428,8527021.05956646,1134.2785938759855,7502.492525387631,8899756.733315824,11744.91,13322000.0,1186.24,0.04380345134543984,-0.0196059517515769,-0.0229911150393543
False,11762.47,2020-08-07,13843000.0,1.0333941465155774,8811773.650171036,1176.8786657904334,8811773.650171036,8811773.650171036,11762.47,13843000.0,1184.0,0.0060146403797013415,-0.019968879503184,-0.0229911150393543
True,13883000.0,2020-08-08,11594.36,1.0333941465155774,8811773.650171036,1197.3925253312816,7344.286347208145,8695635.035094444,11594.36,13883000.0,1184.0,-0.011311254502771817,-0.019968879503184,-0.0233160081284116
False,11392.09,2020-08-12,13994000.0,1.0217798241114588,9003692.530381748,1228.396194201415,9003692.530381748,9003692.530381748,11392.09,13994000.0,1186.12,-0.035642425894020224,-0.0196253943096987,-0.0233160081284116
True,13619000.0,2020-08-13,11564.34,1.0217798241114588,9003692.530381748,1177.6720504585649,7630.337229502171,9032335.3920509,11564.34,13619000.0,1183.74,0.005126083043096696,-0.0200110050457812,-0.0243542736426961
False,11531.23,2020-08-22,13951000.0,1.023295342907962,9213436.635314848,1209.8449168041918,9213436.635314848,9213436.635314848,11531.23,13951000.0,1185.36,-0.020656101778524505,-0.0197485305111368,-0.0243542736426961
True,13781000.0,2020-08-23,11663.51,1.023295342907962,9213436.635314848,1181.5482646304586,7782.591409561658,9225172.553238006,11663.51,13781000.0,1185.36,0.0032156774056331106,-0.0197485305111368,-0.0256002674162106
False,11318.42,2020-08-26,13876000.0,1.0335977499727285,9522987.375777733,1225.966168422801,9522987.375777733,9522987.375777733,11318.42,13876000.0,1187.48,-0.03240995083942555,-0.0194050453176516,-0.0256002674162106
True,13473000.0,2020-08-27,11461.42,1.0335977499727285,9522987.375777733,1175.5087938492786,8085.987635146835,9580197.290245619,11461.42,13473000.0,1184.79,0.007833629715579327,-0.0198408826622154,-0.0252420681871415
False,11330.38,2020-08-28,13561000.0,1.014374625315678,9659876.751190469,1196.870713956637,9659876.751190469,9659876.751190469,11330.38,13561000.0,1187.56,-0.007840205089963526,-0.0193920836122371,-0.0252420681871415
True,13401000.0,2020-08-29,11526.9,1.014374625315678,9659876.751190469,1162.5849100799,8293.606368554132,9849155.179040145,11526.9,13401000.0,1187.56,0.021030592071221488,-0.0193920836122371,-0.0249589857750348
False,11465.84,2020-08-30,13546000.0,1.012454783255599,9780188.422402347,1181.4223816135582,9780188.422402347,9780188.422402347,11465.84,13546000.0,1187.56,0.005168259613360093,-0.0193920836122371,-0.0249589857750348
True,13470000.0,2020-08-31,11711.17,1.012454783255599,9780188.422402347,1150.1839696631505,8487.510927071378,10019591.524517033,11711.17,13470000.0,1180.51,0.025688922869649078,-0.0205343339018931,-0.0247084579392103
False,11649.51,2020-09-01,13671000.0,1.0165488422648747,9942039.217925437,1173.5257534437071,9942039.217925437,9942039.217925437,11649.51,13671000.0,1188.07,0.012241910456701088,-0.0193094527402194,-0.0247084579392103
True,13733000.0,2020-09-02,11921.97,1.0165488422648747,9942039.217925437,1151.9069415541226,8615.0327508903,10213810.528800521,11921.97,13733000.0,1185.58,0.028402181586968056,-0.0197128858212469,-0.0245167498542141
False,11388.54,2020-09-03,13972000.0,1.0611927992732593,10550420.428154819,1226.8473395184983,10550420.428154819,10550420.428154819,11388.54,13972000.0,1189.63,-0.03128480243310805,-0.0190566994846359,-0.0245167498542141
True,12301000.0,2020-09-05,10446.25,1.0611927992732593,10550420.428154819,1177.5517530214192,8944.84754787449,10659843.168228466,10446.25,12301000.0,1191.73,0.011897197333776033,-0.0187164547175043,-0.0243798268094985
False,10166.69,2020-09-06,12630000.0,1.0515302835883682,11094086.58479415,1242.2922308047162,11094086.58479415,11094086.58479415,10166.69,12630000.0,1191.73,-0.0424275891390804,-0.0187164547175043,-0.0243798268094985
True,12383000.0,2020-09-07,10255.89,1.0515302835883682,11094086.58479415,1207.4037455549933,9173.63983903023,10892137.790075762,10255.89,12383000.0,1187.33,-0.016906627100295113,-0.0194293485153039,-0.0243882720124587
False,10417.22,2020-09-22,12828000.0,1.0166055921858757,11278310.462296035,1231.4225868321876,11278310.462296035,11278310.462296035,10417.22,12828000.0,1164.84,-0.05716028538871232,-0.0230732079499656,-0.0243882720124587
True,12290000.0,2020-09-23,10529.61,1.0166055921858757,11278310.462296035,1167.1847295388907,9647.559517406264,11226382.632429799,10529.61,12290000.0,1163.65,-0.0030376226003443474,-0.0232660133180068,-0.0257678463498919
False,10241.46,2020-09-24,12346000.0,1.0295845597277913,11611974.311796406,1205.492185684463,11611974.311796406,11611974.311796406,10241.46,12346000.0,1170.78,-0.029648768927093894,-0.0221108013229362,-0.0257678463498919
True,11943000.0,2020-09-25,10736.33,1.0295845597277913,11611974.311796406,1112.391291996427,10422.82528288192,12190536.450858694,10736.33,11943000.0,1169.6,0.04891305403862234,-0.0223019864778006,-0.026377957874287
False,10686.57,2020-09-26,12495000.0,1.0478900170829732,12168071.959955383,1169.224550066111,12168071.959955383,12168071.959955383,10686.57,12495000.0,1169.6,0.0003210071254179381,-0.0223019864778006,-0.026377957874287
True,12456000.0,2020-09-27,10728.59,1.0478900170829732,12168071.959955383,1161.0099742836665,10464.649499431896,12239454.054535545,10728.59,12456000.0,1169.6,0.007344413232159397,-0.0223019864778006,-0.0269001957763116
False,10619.13,2020-10-02,12562000.0,1.015816539689522,12360528.753054978,1182.959432646554,12360528.753054978,12360528.753054978,10619.13,12562000.0,1162.93,-0.01722324873083836,-0.0233826686667376,-0.0269001957763116
True,12440000.0,2020-10-03,10570.4,1.015816539689522,12360528.753054978,1176.8712631499282,10487.058831223478,12195715.32659472,10570.4,12440000.0,1162.93,-0.011988050140531392,-0.0233826686667376,-0.0273713669007173
False,17149.47,2020-11-27,20840000.0,1.0288766661796889,12717459.615661394,1215.1979040751696,12717459.615661394,12717459.615661394,17149.47,20840000.0,1106.07,-0.09866274654874418,-0.0325952007901198,-0.0273713669007173
True,19226000.0,2020-11-28,17139.53,1.0288766661796889,12717459.615661394,1121.7343766135946,11315.09238793454,12515284.237522755,17139.53,19226000.0,1106.07,-0.014162192821064234,-0.0325952007901198,-0.034847982215569
False,22719.88,2020-12-22,25890000.0,1.0114338962179497,12862869.729062833,1139.5306665352107,12862869.729062833,12862869.729062833,22719.88,25890000.0,1104.31,-0.03189382196594304,-0.0328803583092396,-0.034847982215569
True,25387000.0,2020-12-23,23810.79,1.0114338962179497,12862869.729062833,1066.1972996276056,12035.583507556119,13358775.55837684,23810.79,25387000.0,1109.94,0.039409968441892596,-0.0319681782906915,-0.037243156487445
False,23232.39,2020-12-24,26776000.0,1.0758834676125892,13838948.887553127,1152.528861645315,13838948.887553127,13838948.887553127,23232.39,26776000.0,1106.87,-0.04125042836585613,-0.0324655837359744,-0.037243156487445
True,26380000.0,2020-12-25,23728.99,1.0758834676125892,13838948.887553127,1111.7203049940179,12419.406682009227,13694382.971984295,23728.99,26380000.0,1102.66,-0.008216771256795097,-0.0331476934834144,-0.0369120333306302
False,31989.75,2021-01-05,37537000.0,1.0499721251428347,14530510.573207226,1173.4071069639494,14530510.573207226,14530510.573207226,31989.75,37537000.0,1086.69,-0.07979930519646761,-0.0357351739267913,-0.0369120333306302
True,36478000.0,2021-01-06,33949.53,1.0499721251428347,14530510.573207226,1074.4773197154718,13484.664413619823,14663224.083370196,33949.53,36478000.0,1087.4,0.011884017182755335,-0.0356201387912373,-0.035665327549372
False,40586.96,2021-01-09,44698000.0,1.018643079519089,14801404.037276493,1101.2896753045807,14801404.037276493,14801404.037276493,40586.96,44698000.0,1094.35,-0.0063413672998406945,-0.0344940906333494,-0.035665327549372
True,38496000.0,2021-01-14,37371.38,1.018643079519089,14801404.037276493,1030.0930819252594,14326.74508596993,15732342.046354437,37371.38,38496000.0,1098.11,0.06193998604396689,-0.0338848904788662,-0.0374046833553047
False,39145.21,2021-01-15,41380000.0,1.020061734402274,15098345.87385308,1057.0897435471672,15098345.87385308,15098345.87385308,39145.21,41380000.0,1096.04,0.03553725817746867,-0.0342202746064674,-0.0374046833553047
True,40070000.0,2021-01-18,35824.99,1.020061734402274,15098345.87385308,1118.4929849247692,13458.49140802484,14861673.72222551,35824.99,40070000.0,1104.26,-0.01288916099901205,-0.0328884593751237,-0.0373030640278818
False,30851.99,2021-01-22,39253000.0,1.1310948470207338,17077661.216451976,1272.3004253534373,17077661.216451976,17077661.216451976,30851.99,39253000.0,1099.97,-0.15666829582028363,-0.0335835308279782,-0.0373030640278818
True,34525000.0,2021-01-23,32950.0,1.1310948470207338,17077661.216451976,1047.7996965098635,16259.163022858154,17884591.550253283,32950.0,34525000.0,1099.97,0.04742884214127341,-0.0335835308279782,-0.0360466670301119
False,32078.0,2021-01-24,36345000.0,1.076154537519842,18378202.60831142,1133.0195149323524,18378202.60831142,18378202.60831142,32078.0,36345000.0,1099.97,-0.03004583300667507,-0.0335835308279782,-0.0360466670301119
True,35494000.0,2021-01-25,32259.45,1.076154537519842,18378202.60831142,1100.2667435433648,16664.354628286477,18423110.61575583,32259.45,35494000.0,1105.54,0.004769846822941903,-0.0326810720884911,-0.035402082464125
False,30362.19,2021-01-28,35929000.0,1.0705921663464693,19675559.743986454,1183.3467875670365,19675559.743986454,19675559.743986454,30362.19,35929000.0,1108.42,-0.06759783075642489,-0.0322144506935677,-0.035402082464125
True,34293000.0,2021-01-29,33368.18,1.0705921663464693,19675559.743986454,1027.7156260844913,19103.431221618866,21266703.773154985,33368.18,34293000.0,1113.24,0.07682474032150177,-0.0314335079423419,-0.0344205600114162
False,34246.28,2021-01-30,36631000.0,1.036233648219426,20388477.05427036,1069.6344245272771,20388477.05427036,20388477.05427036,34246.28,36631000.0,1113.24,0.03916996826625241,-0.0314335079423419,-0.0344205600114162
True,37523000.0,2021-01-31,34262.89,1.036233648219426,20388477.05427036,1095.1498837371862,18575.062616190196,20678502.706847575,34262.89,37523000.0,1113.24,0.016249969694597466,-0.0314335079423419,-0.034085006584196
False,33092.97,2021-02-01,37039000.0,1.0174460441507067,20744175.32512483,1119.2407330016013,20744175.32512483,20744175.32512483,33092.97,37039000.0,1118.43,-0.0007248848847054568,-0.0305926173035738,-0.034085006584196
True,36408000.0,2021-02-02,33517.09,1.0174460441507067,20744175.32512483,1086.2518195941236,19055.402771700454,21293269.273208957,33517.09,36408000.0,1117.44,0.027910384813391698,-0.0307530184080787,-0.0337180061482949
False,51552.61,2021-02-19,57458000.0,1.0207099032442324,21173785.188989557,1114.550747285152,21173785.188989557,21173785.188989557,51552.61,57458000.0,1107.08,-0.006748154862477929,-0.0324315592592613,-0.0337180061482949
True,57852000.0,2021-02-20,55906.0,1.0207099032442324,21173785.188989557,1034.8084284334418,20398.964487757014,22583285.605106033,55906.0,57852000.0,1107.08,0.06528125480232516,-0.0324315592592613,-0.0334272894309361
False,55841.19,2021-02-21,63649000.0,1.0947488664248888,23179977.333570417,1139.8216979258502,23179977.333570417,23179977.333570417,55841.19,63649000.0,1107.08,-0.02957482560054392,-0.0324315592592613,-0.0334272894309361
True,64260000.0,2021-02-22,57412.35,1.0947488664248888,23179977.333570417,1119.2713762805388,20645.790448390057,22834657.15172837,57412.35,64260000.0,1106.02,-0.011981136218638833,-0.0326033018560039,-0.0338869695414779
False,54087.67,2021-02-23,65416000.0,1.0740346428816847,24896098.67746685,1209.4438529150916,24896098.67746685,24896098.67746685,54087.67,65416000.0,1112.58,-0.08706237116889715,-0.0315404420120118,-0.0338869695414779
True,55106000.0,2021-02-25,49676.21,1.0740346428816847,24896098.67746685,1109.3036284370326,22384.828811559975,24792093.301955134,49676.21,55106000.0,1107.54,-0.0015923835139430853,-0.0323570294531277,-0.03422651812326
False,47073.73,2021-02-26,56501000.0,1.0765062285384892,26800805.292601906,1200.266050725107,26800805.292601906,26800805.292601906,47073.73,56501000.0,1119.47,-0.07217348452848849,-0.0304241151331848,-0.03422651812326
True,51798000.0,2021-03-02,49595.76,1.0765062285384892,26800805.292601906,1044.4037958083513,25601.316960545657,28507834.475076403,49595.76,51798000.0,1113.53,0.06207843901075727,-0.0313865217602142,-0.033719489497761
False,48436.61,2021-03-03,56438000.0,1.110481941287441,29761810.289395284,1165.1930223853403,29761810.289395284,29761810.289395284,48436.61,56438000.0,1125.29,-0.03546021237666763,-0.0294811510642773,-0.033719489497761
True,56007000.0,2021-03-04,50349.37,1.110481941287441,29761810.289395284,1112.3674437237248,26694.01518309543,30085489.812107705,50349.37,56007000.0,1127.05,0.01302742227609699,-0.0291959935451575,-0.0330898570943922
False,48374.09,2021-03-05,57933000.0,1.071761551873207,31897563.98231827,1197.6039239187758,31897563.98231827,31897563.98231827,48374.09,57933000.0,1131.03,-0.05886132456148441,-0.0285511487007842,-0.0330898570943922
True,56410000.0,2021-03-06,48746.81,1.071761551873207,31897563.98231827,1157.2039278057375,27503.936299333116,31107777.072634734,48746.81,56410000.0,1131.03,-0.02314167423122071,-0.0285511487007842,-0.0323763264452219
False,58976.08,2021-03-15,70615000.0,1.0298138939745718,32848554.572934225,1197.349840816819,32848554.572934225,32848554.572934225,58976.08,70615000.0,1136.5,-0.05354143494660746,-0.0276648920930653,-0.0323763264452219
True,64490000.0,2021-03-17,56900.74,1.0298138939745718,32848554.572934225,1133.3771757625648,28914.303717709125,32671139.19975107,56900.74,64490000.0,1129.93,-0.0030507870067746357,-0.0287293721502341,-0.0293972662675109
False,57641.0,2021-03-19,68494000.0,1.0434626108156069,34276238.51619289,1188.2861157856387,34276238.51619289,34276238.51619289,57641.0,68494000.0,1128.25,-0.05321171352593734,-0.0290015679639394,-0.0293972662675109
True,67139000.0,2021-03-20,58030.01,1.0434626108156069,34276238.51619289,1156.9703331086796,29555.86193599744,33346401.22928911,58030.01,67139000.0,1128.25,-0.025455646451300273,-0.0290015679639394,-0.0294823709708782
False,57351.56,2021-03-22,67849000.0,1.017721299473377,34883658.00375925,1183.0366950785647,34883658.00375925,34883658.00375925,57351.56,67849000.0,1129.47,-0.047426399177104894,-0.0288039019563677,-0.0294823709708782
True,63334000.0,2021-03-27,55025.59,1.017721299473377,34883658.00375925,1150.9917476577718,30239.777760377834,34329405.30469133,55025.59,63334000.0,1135.24,-0.013875257793745543,-0.0278690389533442,-0.0307739530179834
False,55817.14,2021-03-28,65660000.0,1.0174360045094757,35491889.622019805,1176.3411740551378,35491889.622019805,35491889.622019805,55817.14,65660000.0,1135.24,-0.036204832506904205,-0.0278690389533442,-0.0307739530179834
True,59850000.0,2021-04-27,54001.38,1.0174360045094757,35491889.622019805,1108.3050099830784,31955.766986816943,35484961.89284101,54001.38,59850000.0,1110.44,0.001922652297217109,-0.0318871676318507,-0.0326104187689622
False,55011.97,2021-04-28,64198000.0,1.0484562828038015,37211694.66278571,1166.982385833483,37211694.66278571,37211694.66278571,55011.97,64198000.0,1113.43,-0.04809676929262108,-0.0314027238919824,-0.0326104187689622
True,63816000.0,2021-05-01,57697.25,1.0484562828038015,37211694.66278571,1106.0492484477163,33571.68851398394,37191052.252676554,57697.25,63816000.0,1107.81,0.0015893984999987287,-0.0323132836973536,-0.0327938200969483
False,57797.35,2021-05-02,67956000.0,1.0584722530499746,39387546.28952651,1175.7632486610544,39387546.28952651,39387546.28952651,57797.35,67956000.0,1107.81,-0.06134016542643095,-0.0323132836973536,-0.0327938200969483
True,42585000.0,2021-05-25,38810.99,1.0584722530499746,39387546.28952651,1097.2407557756192,35840.441449863545,40270320.01306668,38810.99,42585000.0,1123.6,0.023459633521164647,-0.0297549670911594,-0.0309873773391631
False,38324.72,2021-05-26,46932000.0,1.1125656855323296,43821232.439043425,1224.588203123206,43821232.439043425,43821232.439043425,38324.72,46932000.0,1122.54,-0.09090830003670791,-0.029926709687902,-0.0309873773391631
True,43744000.0,2021-06-04,39246.78,1.1125656855323296,43821232.439043425,1114.5882541191913,39257.166102274845,43836121.95644419,39246.78,43744000.0,1116.64,0.0018374282497569672,-0.0308826354622241,-0.0316880918489465
False,36829.15,2021-06-05,45429000.0,1.1034389861300078,48354056.29350549,1233.5066109318298,48354056.29350549,48354056.29350549,36829.15,45429000.0,1116.64,-0.10465916582947932,-0.0308826354622241,-0.0316880918489465
True,38495000.0,2021-06-10,37388.05,1.1034389861300078,48354056.29350549,1029.6070535906526,46901.78070709035,52390696.10324113,37388.05,38495000.0,1117.03,0.07826374082105891,-0.0308194471483282,-0.0328894466925283
False,36677.83,2021-06-11,43282000.0,1.1431248723419354,55274724.42772822,1180.0589075198832,55274724.42772822,55274724.42772822,36677.83,43282000.0,1112.56,-0.060669903214103815,-0.0315436824383655,-0.0328894466925283
True,42836000.0,2021-06-12,37331.98,1.1431248723419354,55274724.42772822,1147.434451641729,48109.94975186975,53525205.69594021,37331.98,42836000.0,1112.56,-0.03134613112257223,-0.0315436824383655,-0.0330823810130831
False,35546.12,2021-06-13,43698000.0,1.068631878261836,59068332.5856086,1229.33248410797,59068332.5856086,59068332.5856086,35546.12,43698000.0,1112.56,-0.10495836998271568,-0.0315436824383655,-0.0330823810130831
True,41430000.0,2021-06-14,39020.56,1.068631878261836,59068332.5856086,1061.7479605623291,55564.60992581354,62040665.2126671,39020.56,41430000.0,1116.55,0.049081581154154175,-0.0308972173808154,-0.0331068266122841
False,40516.28,2021-06-15,44746000.0,1.0375820475715094,61288241.47081068,1104.3955664241635,61288241.47081068,61288241.47081068,40516.28,44746000.0,1117.33,0.011576198236722068,-0.0307708407530237,-0.0331068266122841
True,37397000.0,2021-06-23,32509.56,1.0375820475715094,61288241.47081068,1150.3385465690708,53217.218390755304,60333957.00615101,32509.56,37397000.0,1133.73,-0.014649472598476487,-0.0281136911430436,-0.0319174770103811
False,31576.09,2021-06-26,40100000.0,1.1014591527108228,67506494.52157545,1269.9482424834741,67506494.52157545,67506494.52157545,31576.09,40100000.0,1131.87,-0.12199125560662805,-0.0284150507939316,-0.0319174770103811
True,37152000.0,2021-06-27,32283.65,1.1014591527108228,67506494.52157545,1150.7992435799545,58596.285077573746,66323377.19075339,32283.65,37152000.0,1131.87,-0.016723867210858723,-0.0284150507939316,-0.0308178206061937
False,35045.0,2021-07-01,41528000.0,1.0274128470976158,69357039.73399144,1184.9907262091597,69357039.73399144,69357039.73399144,35045.0,41528000.0,1130.63,-0.04808003167186392,-0.0286159572278569,-0.0308178206061937
True,39320000.0,2021-07-03,33786.54,1.0274128470976158,69357039.73399144,1163.7770544127927,59530.340673162435,67537766.79710951,33786.54,39320000.0,1134.51,-0.025797088093355347,-0.0279873145152519,-0.0302453466022512
False,33690.15,2021-07-06,40915000.0,1.04122722581742,72216438.07313249,1214.449920822555,72216438.07313249,72216438.07313249,33690.15,40915000.0,1130.59,-0.07417359150758007,-0.0286224380805642,-0.0302453466022512
True,39509000.0,2021-07-07,34220.02,1.04122722581742,72216438.07313249,1154.5580627948202,62480.6665004775,71036144.16438788,34220.02,39509000.0,1136.93,-0.015504967583597873,-0.0275952229264621,-0.0303226192204375
False,33862.11,2021-07-08,39814000.0,1.0161523967497053,73382906.63274024,1175.768432622775,73382906.63274024,73382906.63274024,33862.11,39814000.0,1141.65,-0.029885194781916535,-0.0268304823070044,-0.0303226192204375
True,39069000.0,2021-07-10,33815.81,1.0161523967497053,73382906.63274024,1155.3471586219582,63447.35556501393,72762061.83551362,33815.81,39069000.0,1146.81,-0.007444265939395622,-0.0259944523077668,-0.0302291484260815
False,33502.87,2021-07-11,39801000.0,1.0260381090855595,75293658.76065896,1187.9877753756618,75293658.76065896,75293658.76065896,33502.87,39801000.0,1146.81,-0.03590636232301936,-0.0259944523077668,-0.0302291484260815
True,39633000.0,2021-07-12,34259.0,1.0260381090855595,75293658.76065896,1156.8638897807875,65014.40736585484,74461650.9001872,34259.0,39633000.0,1145.31,-0.010088002183502809,-0.0262374842842894,-0.0300369458912633
False,33086.94,2021-07-13,40194000.0,1.0478429951553545,78895932.91197409,1214.79955535326,78895932.91197409,78895932.91197409,33086.94,40194000.0,1147.18,-0.05894415466906677,-0.0259345044202246,-0.0300369458912633
True,37205000.0,2021-07-19,31778.57,1.0478429951553545,78895932.91197409,1170.7575262197133,67319.76210305608,76912828.20274158,31778.57,37205000.0,1142.5,-0.024733064524913306,-0.026692764186975,-0.0281822646088411
False,30839.65,2021-07-20,37663000.0,1.0410070732036754,82131224.20836768,1221.2525109720764,82131224.20836768,82131224.20836768,30839.65,37663000.0,1151.92,-0.0601886510973646,-0.0251665233744133,-0.0281822646088411
True,35339000.0,2021-07-22,32144.51,1.0410070732036754,82131224.20836768,1099.3790230431262,74633.17558470025,85789342.67110124,32144.51,35339000.0,1149.48,0.04358577526957741,-0.0255618553895567,-0.0274127424618245
False,32287.58,2021-07-23,38012000.0,1.068757245849333,87778340.98316911,1177.2947988049893,87778340.98316911,87778340.98316911,32287.58,38012000.0,1150.86,-0.022969604300253188,-0.0253382659711559,-0.0274127424618245
True,37922000.0,2021-07-24,33634.1,1.068757245849333,87778340.98316911,1127.486687617626,77776.13070161216,89509437.77925736,33634.1,37922000.0,1150.86,0.020309431540216694,-0.0253382659711559,-0.0269784375161492
False,34261.51,2021-07-25,39113000.0,1.0105102597906785,88700914.15089698,1141.6017566067578,88700914.15089698,88700914.15089698,34261.51,39113000.0,1150.86,0.008044630444399847,-0.0253382659711559,-0.0269784375161492
True,40076000.0,2021-07-26,35381.02,1.0105102597906785,88700914.15089698,1132.6977006315817,78230.61104024768,90131051.59169014,35381.02,40076000.0,1152.12,0.016857878839372842,-0.025134119110877,-0.0266190120515215
False,40018.49,2021-07-30,46350000.0,1.0204154446691884,90511782.75585105,1158.2146152940802,90511782.75585105,90511782.75585105,40018.49,46350000.0,1143.3,-0.013045233354395558,-0.0265631471328297,-0.0266190120515215
True,45936000.0,2021-07-31,42206.36,1.0204154446691884,90511782.75585105,1088.3667769502038,83075.06610904526,94979723.08247145,42206.36,45936000.0,1143.3,0.04804795158733155,-0.0265631471328297,-0.0258894414501247
False,41461.84,2021-08-01,48570000.0,1.074061960675742,97215262.8510062,1171.4386047507783,97215262.8510062,97215262.8510062,41461.84,48570000.0,1143.3,-0.024611742106864565,-0.0265631471328297,-0.0258894414501247
True,44950000.0,2021-08-05,39723.17,1.074061960675742,97215262.8510062,1131.5813919181173,85823.687357512,98262972.60310979,39723.17,44950000.0,1144.94,0.011667518020055834,-0.0262974321718316,-0.025741047169538
False,43794.36,2021-08-09,50956000.0,1.0261000510647624,99752586.17569177,1163.528819692764,99752586.17569177,99752586.17569177,43794.36,50956000.0,1145.93,-0.015357674284436351,-0.0261370310673267,-0.025741047169538
True,50790000.0,2021-08-10,46248.87,1.0261000510647624,99752586.17569177,1098.188993590546,90737.5995974228,104082378.37021576,46248.87,50790000.0,1147.07,0.04261379550459343,-0.0259523267651696,-0.0261026086573968
False,45585.0,2021-08-11,52862000.0,1.053725990761048,105111892.69895762,1159.6358451244928,105111892.69895762,105111892.69895762,45585.0,52862000.0,1152.9,-0.005842523310341408,-0.0250077424830852,-0.0261026086573968
True,52335000.0,2021-08-12,45510.67,1.053725990761048,105111892.69895762,1149.9501106004373,91309.81688784486,105386138.25927503,45510.67,52335000.0,1154.16,0.003647578671555851,-0.0248035956228062,-0.0264224583582695
False,44400.06,2021-08-13,52585000.0,1.0277634810572276,108030164.74079448,1184.3452463802978,108030164.74079448,108030164.74079448,44400.06,52585000.0,1163.16,-0.018213527270794838,-0.0233454037636708,-0.0264224583582695
True,52078000.0,2021-08-14,47799.99,1.0277634810572276,108030164.74079448,1089.4981358782711,99053.39254525893,115214944.07294339,47799.99,52078000.0,1163.16,0.06332908982575824,-0.0233454037636708,-0.0267481623450349
False,47068.5,2021-08-15,55145000.0,1.073133308824501,115930768.14114471,1171.5903417359805,115930768.14114471,115930768.14114471,47068.5,55145000.0,1163.16,-0.007247791994205777,-0.0233454037636708,-0.0267481623450349
True,54817000.0,2021-08-16,46973.82,1.073133308824501,115930768.14114471,1166.9691755961087,99241.59740652074,115355455.57741751,46973.82,54817000.0,1162.37,-0.003956722554873782,-0.0234734006046394,-0.0269278849663451
False,45901.3,2021-08-17,54638000.0,1.017942785546582,118010889.05215178,1190.3366571317151,118010889.05215178,118010889.05215178,45901.3,54638000.0,1165.45,-0.021353689245969365,-0.0229743749461797,-0.0269278849663451
True,52674000.0,2021-08-19,44699.37,1.017942785546582,118010889.05215178,1178.4058701498477,100044.21188510674,117079740.2849027,44699.37,52674000.0,1170.28,-0.006943526463622174,-0.0221918119817771,-0.0267863338712953
False,47674.01,2021-08-25,57627000.0,1.023687175841711,120806233.73236674,1208.7718234736285,120806233.73236674,120806233.73236674,47674.01,57627000.0,1164.02,-0.03844592315735862,-0.0232060654304646,-0.0267863338712953
True,56168000.0,2021-08-26,48973.32,1.023687175841711,120806233.73236674,1146.9101951838265,105224.63780890526,122486739.64145616,48973.32,56168000.0,1164.05,0.014724285740452148,-0.0232012047909341,-0.024209122952942
False,46843.86,2021-08-27,57088000.0,1.060438674161346,128107602.32957666,1218.6869314356247,128107602.32957666,128107602.32957666,46843.86,57088000.0,1170.71,-0.04098105545833275,-0.0221221428151739,-0.024209122952942
True,55255000.0,2021-08-28,49069.9,1.060438674161346,128107602.32957666,1126.046721106014,113655.15945981783,133057231.73120335,49069.9,55255000.0,1170.71,0.038150591430829106,-0.0221221428151739,-0.0234352694254844
False,48895.35,2021-08-29,57400000.0,1.0404704489120076,133292174.50489557,1173.9357628077107,133292174.50489557,133292174.50489557,48895.35,57400000.0,1170.71,-0.0027553901544454806,-0.0221221428151739,-0.0234352694254844
True,57428000.0,2021-08-30,48767.84,1.0404704489120076,133292174.50489557,1177.579322766807,113079.87772785545,131436134.27941822,48767.84,57428000.0,1162.33,-0.013119615571143273,-0.0234798814573467,-0.0229802766992554
False,46982.91,2021-08-31,57272000.0,1.0331420453360305,137709749.7952749,1218.9964393435826,137709749.7952749,137709749.7952749,46982.91,57272000.0,1166.07,-0.04538873253199416,-0.0228739217292171,-0.0229802766992554
True,55800000.0,2021-09-01,47100.89,1.0331420453360305,137709749.7952749,1184.690989915477,116128.94588039434,134587641.82808304,47100.89,55800000.0,1158.95,-0.022210612981989897,-0.0240275135111108,-0.0228515021876068
False,46868.57,2021-09-08,60839000.0,1.0935980610277045,150599115.36072296,1298.0767281783933,150599115.36072296,150599115.36072296,46868.57,60839000.0,1162.16,-0.11695182090107492,-0.0235074250813525,-0.0228515021876068
True,54800000.0,2021-09-13,46025.23,1.0935980610277045,150599115.36072296,1190.651301470954,126367.34883469387,147897817.729149,46025.23,54800000.0,1170.38,-0.01732027330521202,-0.0221756098500089,-0.0262344883139278
False,44940.72,2021-09-14,55078000.0,1.0274268575847414,154729575.85010955,1225.5700398213469,154729575.85010955,154729575.85010955,44940.72,55078000.0,1173.44,-0.04442497257750455,-0.0216798246179028,-0.0262344883139278
True,54340000.0,2021-09-15,47103.28,1.0274268575847414,154729575.85010955,1153.6351608635323,134000.63553538398,157103685.10803953,47103.28,54340000.0,1172.41,0.016013885190733435,-0.021846706575115,-0.0263804301233972
False,48121.4,2021-09-16,56564000.0,1.017031368543274,157364832.28095722,1175.4437734563,157364832.28095722,157364832.28095722,48121.4,56564000.0,1166.39,-0.007762218002812071,-0.0228220749075589,-0.0263804301233972
True,57178000.0,2021-09-17,47737.81,1.017031368543274,157364832.28095722,1197.7507975334436,131261.8338636175,154279909.04994145,47737.81,57178000.0,1175.36,-0.01905016125565262,-0.021368743687954,-0.0262427357369592
False,47241.75,2021-09-20,58597000.0,1.0336627002302443,162662157.45681375,1240.3647197658852,162662157.45681375,162662157.45681375,47241.75,58597000.0,1181.56,-0.04976871235137037,-0.0203642115183274,-0.0262427357369592
True,50699000.0,2021-09-23,43546.37,1.0336627002302443,162662157.45681375,1164.2531857420033,139590.72283300714,164994838.4813861,43546.37,50699000.0,1181.99,0.015005891977086794,-0.0202945423517242,-0.0247808256151621
False,44865.26,2021-09-24,53853000.0,1.02916130853161,167405598.81682923,1200.3273802492172,167405598.81682923,167405598.81682923,44865.26,53853000.0,1174.83,-0.02170303809846308,-0.0214546149863253,-0.0247808256151621
True,50800000.0,2021-10-01,43820.01,1.02916130853161,167405598.81682923,1159.2877317919372,144277.7697140661,170937416.0018312,43820.01,50800000.0,1184.78,0.0215164572393719,-0.0198425028753922,-0.023183891135966
False,47634.89,2021-10-03,58348000.0,1.0547281459171538,176567396.8562252,1224.900487856695,176567396.8562252,176567396.8562252,47634.89,58348000.0,1184.78,-0.033863238623790926,-0.0198425028753922,-0.023183891135966
True,58466000.0,2021-10-05,49224.93,1.0547281459171538,176567396.8562252,1187.7315010910122,148525.86712264328,175921463.31341484,49224.93,58466000.0,1184.45,-0.0027704851120875507,-0.0198959699102272,-0.0231480138568798
False,53785.22,2021-10-08,66998000.0,1.0468591619401602,184841197.09886357,1245.6581938309446,184841197.09886357,184841197.09886357,53785.22,66998000.0,1191.33,-0.04560297636334565,-0.018781263244577,-0.0231480138568798
True,65951000.0,2021-10-10,54949.72,1.0468591619401602,184841197.09886357,1200.2062976845014,153866.00788092066,183305191.1687772,54949.72,65951000.0,1191.33,-0.007450746379677797,-0.018781263244577,-0.0229326908483836
False,54659.01,2021-10-11,67057000.0,1.0202973364163441,188592981.05997896,1226.82426922844,188592981.05997896,188592981.05997896,54659.01,67057000.0,1196.54,-0.025309867809216735,-0.0179371321794553,-0.0229326908483836
True,67801000.0,2021-10-12,57471.35,1.0202973364163441,188592981.05997896,1179.7356421938932,159712.74679189088,190976516.97640353,57471.35,67801000.0,1195.75,0.01339273075986358,-0.0180651290204238,-0.0227214618844138
False,55996.91,2021-10-13,70954000.0,1.072084864557037,202187680.55609542,1267.1056313643019,202187680.55609542,202187680.55609542,55996.91,70954000.0,1197.92,-0.05775480112553577,-0.0177135427610545,-0.0227214618844138
True,69188000.0,2021-10-14,57370.83,1.072084864557037,202187680.55609542,1205.9787177560443,167502.22214529073,198803362.3975812,57370.83,69188000.0,1186.87,-0.016100093317755526,-0.0195038783214375,-0.0224419988450043
False,60875.57,2021-10-17,75688000.0,1.0290752856332603,208066345.11979032,1243.3230604657995,208066345.11979032,208066345.11979032,60875.57,75688000.0,1182.23,-0.05167612094583918,-0.0202556572354806,-0.0224419988450043
True,76541000.0,2021-10-20,64280.59,1.0290752856332603,208066345.11979032,1190.7326924037257,174575.3996936914,205232585.63390052,64280.59,76541000.0,1175.61,-0.012863698338501539,-0.0213282383585335,-0.0217199438809022
False,62193.15,2021-10-22,79919000.0,1.077181230241582,224125161.6080053,1285.0128993305532,224125161.6080053,224125161.6080053,62193.15,79919000.0,1177.86,-0.0909725258779086,-0.0209636903937497,-0.0217199438809022
True,74501000.0,2021-10-26,63078.78,1.077181230241582,224125161.6080053,1181.0786448311144,189592.50046757728,221468687.57119107,63078.78,74501000.0,1168.13,-0.011084934751366848,-0.0225401578147927,-0.0224653962105826
False,60328.81,2021-10-27,76250000.0,1.0682197178085773,239414916.8867052,1263.906912800037,239414916.8867052,239414916.8867052,60328.81,76250000.0,1168.06,-0.08205649778267987,-0.0225514993070305,-0.0224653962105826
True,71833000.0,2021-10-29,60575.9,1.0682197178085773,239414916.8867052,1185.83463060392,201720.06323551727,235699807.88754016,60575.9,71833000.0,1168.45,-0.014878369296007499,-0.0224883109931346,-0.0231613046680959
False,61859.19,2021-10-31,74568000.0,1.0147653558189382,242949963.32289892,1205.4474040154746,242949963.32289892,242949963.32289892,61859.19,74568000.0,1168.45,-0.03166366041805335,-0.0224883109931346,-0.0231613046680959
True,73428000.0,2021-11-01,61299.81,1.0147653558189382,242949963.32289892,1197.8503685411097,202644.7820828906,238028587.48238412,61299.81,73428000.0,1174.61,-0.019785604192974482,-0.0214902596762152,-0.0237410965294044
False,61395.01,2021-11-05,74607000.0,1.0127121240338177,246038373.39067107,1215.1964793229938,246038373.39067107,246038373.39067107,61395.01,74607000.0,1185.97,-0.024643523295693637,-0.019649697507351,-0.0237410965294044
True,74092000.0,2021-11-07,61470.62,1.0127121240338177,246038373.39067107,1205.323779067138,203948.59108072292,241876910.56400496,61470.62,74092000.0,1185.97,-0.01631894488658059,-0.019649697507351,-0.0240711121186179
False,64882.42,2021-11-11,80813000.0,1.0315423006370772,253798989.73241708,1245.5299910206802,253798989.73241708,253798989.73241708,64882.42,80813000.0,1185.15,-0.050947129916618206,-0.01978255498785,-0.0240711121186179
True,77867000.0,2021-11-15,65519.11,1.0315423006370772,253798989.73241708,1188.4624195902538,213365.30760811327,251758261.0591172,65519.11,77867000.0,1179.94,-0.0072227567420832806,-0.0206266860529717,-0.0227226287859937
False,63606.73,2021-11-16,79323000.0,1.047497021802212,265853685.88111705,1247.0850175759704,265853685.88111705,265853685.88111705,63606.73,79323000.0,1183.56,-0.053672832451223895,-0.0200401688829639,-0.0227226287859937
True,71813000.0,2021-11-21,59707.52,1.047497021802212,265853685.88111705,1202.746320731459,220852.52488147136,261266328.4095318,59707.52,71813000.0,1182.99,-0.016700327755483135,-0.0201325210340425,-0.0221752728330102
False,58617.7,2021-11-22,73669000.0,1.0431608653881466,277328161.0303745,1256.7705658870955,277328161.0303745,277328161.0303745,58617.7,73669000.0,1188.77,-0.057202457907833626,-0.0191960378178422,-0.0221752728330102
True,57980000.0,2021-12-22,48887.59,1.0431608653881466,277328161.0303745,1185.9860549476873,233653.33855513795,278147943.81619287,48887.59,57980000.0,1190.43,0.0037330586866198834,-0.0189270824304906,-0.0220938468363188
False,48588.17,2021-12-23,60023000.0,1.039975828694989,288414584.0880211,1235.3418537886898,288414584.0880211,288414584.0880211,48588.17,60023000.0,1187.94,-0.03990256560827121,-0.019330515511518,-0.0220938468363188
True,59759000.0,2021-12-24,50838.82,1.039975828694989,288414584.0880211,1175.460012643881,245170.20480212392,290683601.6215902,50838.82,59759000.0,1185.64,0.008586069427582554,-0.0197031645421859,-0.0218000051960848
False,50819.99,2021-12-25,61490000.0,1.027729259801327,296412107.0206895,1209.9569480434766,296412107.0206895,296412107.0206895,50819.99,61490000.0,1185.64,-0.02050955437019386,-0.0197031645421859,-0.0218000051960848
True,61177000.0,2021-12-27,50775.48,1.027729259801327,296412107.0206895,1204.8532086747382,245821.83012052628,291815094.5360767,50775.48,61177000.0,1187.1,-0.014955107972991488,-0.0194666134183707,-0.0210570251155146
False,47543.74,2021-12-29,61470000.0,1.0714160219108007,317580680.5503056,1292.9146928701866,317580680.5503056,317580680.5503056,47543.74,61470000.0,1188.14,-0.0881837938880825,-0.0192981112479816,-0.0210570251155146
True,57089000.0,2021-12-31,47120.88,1.0714160219108007,317580680.5503056,1211.5435874712018,261929.3076540365,311753500.55598736,47120.88,57089000.0,1190.22,-0.01791566892776264,-0.0189611069072037,-0.0202334299359611
False,46216.93,2022-01-01,57233000.0,1.0205771119417788,324115573.76453555,1238.3557280849247,324115573.76453555,324115573.76453555,46216.93,57233000.0,1190.22,-0.04044271486357531,-0.0189611069072037,-0.0202334299359611
True,56784000.0,2022-01-02,47722.66,1.0205771119417788,324115573.76453555,1189.8749985855775,272188.27231566736,323963925.47555363,47722.66,56784000.0,1190.22,0.0002898635667545335,-0.0189611069072037,-0.019997142255011
False,47286.18,2022-01-03,57915000.0,1.0277743869594531,333117685.12985694,1224.7764568844427,333117685.12985694,333117685.12985694,47286.18,57915000.0,1189.8,-0.029396921234192908,-0.01902915586063,-0.019997142255011
True,51255000.0,2022-01-12,42729.29,1.0277743869594531,333117685.12985694,1199.5284733259082,277502.12995333626,330380160.8159445,42729.29,51255000.0,1190.55,-0.007541450023861529,-0.0189076398723687,-0.0189875746083969
False,42558.35,2022-01-14,53349000.0,1.043493012051939,347605976.62392384,1253.5495384572005,347605976.62392384,347605976.62392384,42558.35,53349000.0,1186.77,-0.05626999204327765,-0.0195200804532056,-0.0189875746083969
True,51885000.0,2022-01-15,43059.96,1.043493012051939,347605976.62392384,1204.947705478593,288270.3846885489,342110644.4368292,43059.96,51885000.0,1186.77,-0.015316957353651572,-0.0195200804532056,-0.018451076773505
False,42201.63,2022-01-18,52165000.0,1.024341847084431,356067348.1525377,1236.089696061503,356067348.1525377,356067348.1525377,42201.63,52165000.0,1190.98,-0.037876115519574594,-0.0188379707057656,-0.018451076773505
True,51435000.0,2022-01-19,42352.12,1.024341847084431,356067348.1525377,1214.4610470503012,292975.58743473364,349528665.07726026,42352.12,51435000.0,1193.03,-0.017963544127390874,-0.0185058270045181,-0.0181431532023397
False,41660.0,2022-01-20,51183000.0,1.0101585263405009,359684467.6877375,1228.5885741718675,359684467.6877375,359684467.6877375,41660.0,51183000.0,1188.21,-0.03398269175639612,-0.019286769755744,-0.0181431532023397
True,43376000.0,2022-01-24,36244.55,1.0101585263405009,359684467.6877375,1196.7592369059623,300335.79805445124,358390707.81837666,36244.55,43376000.0,1193.3,-0.00289888285088602,-0.0184620812487441,-0.0184807437628266
False,36958.32,2022-01-26,44764000.0,1.0106326921159965,363508881.8915673,1211.2022407944949,363508881.8915673,363508881.8915673,36958.32,44764000.0,1196.35,-0.01241462849040409,-0.0179679162298148,-0.0184807437628266
True,44905000.0,2022-01-27,36807.24,1.0106326921159965,363508881.8915673,1220.0045425845567,297745.10798934184,357517438.4182022,36807.24,44905000.0,1200.75,-0.01603543001004093,-0.0172550224320153,-0.0187464017632051
False,37881.75,2022-01-31,47144000.0,1.018628052086294,370280344.2772739,1244.5042797653223,370280344.2772739,370280344.2772739,37881.75,47144000.0,1209.71,-0.02876249660275798,-0.0158033114255871,-0.0187464017632051
True,47304000.0,2022-02-02,38694.59,1.018628052086294,370280344.2772739,1222.4964781898452,302672.1400375469,363954168.23094904,38694.59,47304000.0,1202.47,-0.016654451412380533,-0.0169763457656027,-0.0182183095752877
False,36896.37,2022-02-03,47784000.0,1.057870147424695,391708522.3890665,1295.0867524366217,391708522.3890665,391708522.3890665,36896.37,47784000.0,1200.36,-0.07891528577811813,-0.0173182107459112,-0.0182183095752877
True,45518000.0,2022-02-04,37311.98,1.057870147424695,391708522.3890665,1219.9298991905548,320864.79314705025,385246313.8920059,37311.98,45518000.0,1200.65,-0.016057884637949993,-0.0172712245637834,-0.0177520038371308
False,42373.73,2022-02-12,53040000.0,1.024598243911026,401343864.1648203,1251.7189305732584,401343864.1648203,401343864.1648203,42373.73,53040000.0,1200.1,-0.04301219112845467,-0.0173603362885084,-0.0177520038371308
True,51550000.0,2022-02-15,42535.94,1.024598243911026,401343864.1648203,1211.9163229965059,330927.70510870573,396266071.20536864,42535.94,51550000.0,1197.44,-0.012089393202587173,-0.0177913129935417,-0.017692768748452
False,43873.56,2022-02-17,53835000.0,1.0110342786907778,405772404.2128486,1227.048819380055,405772404.2128486,405772404.2128486,43873.56,53835000.0,1196.69,-0.02536899228710432,-0.017912828981803,-0.017692768748452
True,45450000.0,2022-02-23,38230.33,1.0110342786907778,405772404.2128486,1188.8466565682272,341076.8393965454,406914901.7052605,38230.33,45450000.0,1193.03,0.0035064863681321112,-0.0185058270045181,-0.0187983387725108
False,37250.02,2022-02-24,46500000.0,1.0485589156287745,425476272.1535053,1248.3214774112873,425476272.1535053,425476272.1535053,37250.02,46500000.0,1192.6,-0.046722687750534675,-0.0185754961711213,-0.0187983387725108
True,45483000.0,2022-02-25,38328.68,1.0485589156287745,425476272.1535053,1186.6570933306339,358300.70830666716,432150067.2957543,38328.68,45483000.0,1206.11,0.01612863393004449,-0.0163865881692413,-0.018718811463136
False,39116.73,2022-02-27,47830000.0,1.0289797979820003,437806488.5666485,1222.7504701952334,437806488.5666485,437806488.5666485,39116.73,47830000.0,1206.11,-0.013796809739769822,-0.0163865881692413,-0.018718811463136
True,46363000.0,2022-03-01,43160.0,1.0289797979820003,437806488.5666485,1074.2122335495828,407277.156573463,489213174.9329123,43160.0,46363000.0,1201.18,0.10570253121964834,-0.0171853532654121,-0.0181759451145365
False,44421.2,2022-03-02,52332000.0,1.095170239886083,479472637.10722005,1178.0861390507237,479472637.10722005,479472637.10722005,44421.2,52332000.0,1205.42,0.022675798434799832,-0.0164983828784417,-0.0181759451145365
True,47364000.0,2022-03-09,38730.63,1.095170239886083,479472637.10722005,1222.908070434176,391805.70129955484,483347185.3511829,38730.63,47364000.0,1233.64,0.008699401418423736,-0.0119261412934638,-0.0161231278994317
False,39422.01,2022-03-11,51571000.0,1.0682520784061984,512197641.12868875,1308.1778427837646,512197641.12868875,512197641.12868875,39422.01,51571000.0,1228.77,-0.06462384562103951,-0.0127151851105737,-0.0161231278994317
True,47500000.0,2022-03-15,39671.37,1.0682520784061984,512197641.12868875,1197.3370216355017,427488.328833043,530944779.2939277,39671.37,47500000.0,1242.01,0.03596829201415308,-0.0105700228644678,-0.0135586737864867
False,39280.33,2022-03-16,49212000.0,1.044927171609288,535209232.4495499,1252.8407984352473,535209232.4495499,535209232.4495499,39280.33,49212000.0,1241.66,-0.009004718228216468,-0.0106267303256564,-0.0135586737864867
True,48609000.0,2022-03-17,41114.01,1.044927171609288,535209232.4495499,1182.2977131153102,452377.08236452297,554139307.0424224,41114.01,48609000.0,1224.95,0.0348196145840155,-0.0133341065441179,-0.0126853765108231
False,40917.89,2022-03-18,50392000.0,1.0402299924156755,556740695.8117948,1231.5395539701583,556740695.8117948,556740695.8117948,40917.89,50392000.0,1210.58,-0.017313646326684973,-0.0156623528792041,-0.0126853765108231
True,50069000.0,2022-03-19,41757.51,1.0402299924156755,556740695.8117948,1199.0418011035617,464005.19241739035,561715405.8366444,41757.51,50069000.0,1210.58,0.00953113292507557,-0.0156623528792041,-0.0120101558338634
False,41262.11,2022-03-21,51245000.0,1.0343667260231266,575874050.7706836,1241.9384272883767,575874050.7706836,575874050.7706836,41262.11,51245000.0,1211.55,-0.02508227253384243,-0.0155051922010528,-0.0120101558338634
True,50471000.0,2022-03-22,41002.26,1.0343667260231266,575874050.7706836,1230.9321486181493,467518.1620874507,569820486.3154266,41002.26,50471000.0,1218.82,-0.009937602450033056,-0.0143272972215068,-0.0116453903111579
False,45497.54,2022-04-06,57069000.0,1.01761769035264,586019621.479282,1254.3315528707706,586019621.479282,586019621.479282,45497.54,57069000.0,1218.82,-0.029136010953849434,-0.0143272972215068,-0.0116453903111579
True,53072000.0,2022-04-08,43444.2,1.01761769035264,586019621.479282,1221.6130116333136,479382.8106012665,586170125.4908047,43444.2,53072000.0,1222.76,0.0009380322930799823,-0.0136889332298408,-0.0142653414721272
False,42252.02,2022-04-09,53813000.0,1.0411539207158182,610136626.5195543,1273.6195807916404,610136626.5195543,610136626.5195543,42252.02,53813000.0,1222.76,-0.041594082887598915,-0.0136889332298408,-0.0142653414721272
True,52934000.0,2022-04-10,42753.96,1.0411539207158182,610136626.5195543,1238.1075343664072,492463.6368734767,602164836.6234124,42753.96,52934000.0,1222.76,-0.012551550890123497,-0.0136889332298408,-0.0138962445689807
False,42158.85,2022-04-11,53295000.0,1.0196489664253312,622125180.6089019,1264.1473854244127,622125180.6089019,622125180.6089019,42158.85,53295000.0,1228.95,-0.02864020946695356,-0.012686021273391,-0.0138962445689807
True,50577000.0,2022-04-14,41147.78,1.0196489664253312,622125180.6089019,1229.1550115218854,505799.85114241723,618775305.8935875,41147.78,50577000.0,1223.36,-0.00473696338108609,-0.0135917204392318,-0.0128503447494441
False,39942.37,2022-04-15,51645000.0,1.0505188879879344,653554252.9225564,1292.987872276983,653554252.9225564,653554252.9225564,39942.37,51645000.0,1230.26,-0.05098749229998778,-0.012473773347228,-0.0128503447494441
True,50275000.0,2022-04-16,40551.9,1.0505188879879344,653554252.9225564,1239.7692833134822,526805.2038906028,648107370.138453,40551.9,50275000.0,1230.26,-0.007729490769009972,-0.012473773347228,-0.0122657863918512
False,40378.7,2022-04-17,50807000.0,1.0135589995710172,662415794.7575698,1258.2624007211725,662415794.7575698,662415794.7575698,40378.7,50807000.0,1230.26,-0.022761368102004687,-0.012473773347228,-0.0122657863918512
True,49962000.0,2022-04-19,40801.13,1.0135589995710172,662415794.7575698,1224.5249089914912,540596.1220039867,667879478.9298254,40801.13,49962000.0,1235.45,0.008843005389541303,-0.0116328827084599,-0.0115522161866952
False,41358.19,2022-04-21,51459000.0,1.014732393614532,672174764.9824214,1244.2275641172882,672174764.9824214,672174764.9824214,41358.19,51459000.0,1233.98,-0.008304481529107788,-0.011871054045452,-0.0115522161866952
True,49620000.0,2022-04-26,40426.08,1.014732393614532,672174764.9824214,1227.42546395792,547264.872631809,684201489.0617403,40426.08,49620000.0,1250.22,0.018232419927756593,-0.009239827846301,-0.0112745529446378
False,38112.64,2022-04-27,50614000.0,1.0805108683382516,726292138.9862163,1328.0108646370338,726292138.9862163,726292138.9862163,38112.64,50614000.0,1260.98,-0.0531577539985042,-0.0074964784680458,-0.0112745529446378
True,48718000.0,2022-04-28,39235.72,1.0805108683382516,726292138.9862163,1241.674678073959,584543.2551849296,740265578.3661948,39235.72,48718000.0,1266.4,0.019524101331365284,-0.0066183229262109,-0.011336893178199
False,39742.06,2022-04-29,49954000.0,1.0109693616031656,734259100.0882927,1256.955477395988,734259100.0882927,734259100.0882927,39742.06,49954000.0,1272.38,0.012122575491607779,-0.0056494354464742,-0.011336893178199
True,48772000.0,2022-05-05,39690.0,1.0109693616031656,734259100.0882927,1228.8233812043336,597136.0100680407,747333630.680455,39690.0,48772000.0,1251.53,0.018143087896947185,-0.009027579920138,-0.00978716876801
False,36552.97,2022-05-06,50631000.0,1.1257272961744995,826575511.433915,1385.1405234649878,826575511.433915,826575511.433915,36552.97,50631000.0,1269.56,-0.09103982755048046,-0.0061063355623367,-0.00978716876801
True,39967000.0,2022-05-16,31328.89,1.1257272961744995,826575511.433915,1275.7234616355702,647509.9546212094,827880327.5804935,31328.89,39967000.0,1278.56,0.0022185414563490324,-0.0046481437032013,-0.006496150308586
False,29874.01,2022-05-17,40902000.0,1.0718555690908917,885969565.2045939,1369.149973505398,885969565.2045939,885969565.2045939,29874.01,40902000.0,1280.64,-0.0691138598711567,-0.0043111393624233,-0.006496150308586
True,37100000.0,2022-05-20,30319.22,1.0718555690908917,885969565.2045939,1223.646254751936,723578.9245989586,914596524.9038377,30319.22,37100000.0,1263.99,0.031917772488756824,-0.0070087943018238,-0.0053815417417805
False,29201.01,2022-05-21,38781000.0,1.083956433055734,960352409.6951113,1328.0705016710037,960352409.6951113,960352409.6951113,29201.01,38781000.0,1263.99,-0.05069700050712722,-0.0070087943018238,-0.0053815417417805
True,38037000.0,2022-05-23,30293.93,1.083956433055734,960352409.6951113,1255.5980686559983,764370.4146642722,971063818.4936382,30293.93,38037000.0,1270.41,0.011659174080810186,-0.0059686174423072,-0.0052420277799974
False,29109.14,2022-05-24,38933000.0,1.0638642461906322,1021684592.4176468,1337.483690689591,1021684592.4176468,1021684592.4176468,29109.14,38933000.0,1258.87,-0.062447822801076525,-0.0078383434483542,-0.0052420277799974
True,37436000.0,2022-05-25,29654.58,1.0638642461906322,1021684592.4176468,1262.4019628671188,808805.7320480744,1020017260.9151086,29654.58,37436000.0,1261.14,-0.0010006524788035431,-0.0074705550572167,-0.00540357442585
False,29542.14,2022-05-26,37827000.0,1.0130069210118329,1034973563.2102298,1280.4421074438073,1034973563.2102298,1034973563.2102298,29542.14,37827000.0,1266.55,-0.010968463498328251,-0.0065940197285586,-0.00540357442585
True,36862000.0,2022-05-29,29031.33,1.0130069210118329,1034973563.2102298,1269.7317002011273,814596.8618210633,1026628278.9844679,29031.33,36862000.0,1260.29,-0.007491688580507194,-0.0076082731772462,-0.0060163955352699
False,29805.84,2022-06-02,39927000.0,1.0536681527158693,1090518682.4574838,1339.5696950664703,1090518682.4574838,1090518682.4574838,29805.84,39927000.0,1247.23,-0.07403581942903092,-0.0097242715861693,-0.0060163955352699
True,37880000.0,2022-06-03,30452.63,1.0536681527158693,1090518682.4574838,1243.8991312080434,876140.4440605467,1087412950.741307,30452.63,37880000.0,1241.14,-0.0022230620301040283,-0.0107109814108509,-0.0073420352861164
False,29700.21,2022-06-04,38393000.0,1.0379089634455032,1131859115.3274028,1292.6844625004335,1131859115.3274028,1131859115.3274028,29700.21,38393000.0,1241.14,-0.041529934173770267,-0.0107109814108509,-0.0073420352861164
True,37974000.0,2022-06-07,31373.1,1.0379089634455032,1131859115.3274028,1210.3999923501342,934522.3813762333,1172638684.1508975,31373.1,37974000.0,1254.8,0.03538413105663496,-0.0084977702113188,-0.008698093590014
False,31125.32,2022-06-08,39532000.0,1.0479936301496318,1186181143.0899155,1270.0913597032898,1186181143.0899155,1186181143.0899155,31125.32,39532000.0,1254.85,-0.012145961432274754,-0.0084896691454347,-0.008698093590014
True,28828000.0,2022-06-16,22583.72,1.0479936301496318,1186181143.0899155,1276.4947493149932,928670.918343992,1187194328.5925925,22583.72,28828000.0,1278.38,0.0014747185383117145,-0.004677307540384,-0.0084039355018938
False,20400.6,2022-06-17,29235000.0,1.121248221270156,1330003496.7937682,1433.046086879798,1330003496.7937682,1330003496.7937682,20400.6,29235000.0,1288.57,-0.11212125602784306,-0.0030263103132074,-0.0084039355018938
True,25096000.0,2022-06-20,20574.0,1.121248221270156,1330003496.7937682,1219.7919704481383,1089680.0513994033,1407321786.3823292,20574.0,25096000.0,1291.5,0.0555230581121654,-0.0025515878523999,-0.0057764489256368
False,20573.9,2022-06-21,26666000.0,1.0612542782114929,1411471901.008632,1296.1081758927571,1411471901.008632,1411471901.008632,20573.9,26666000.0,1292.55,-0.0027528342367857395,-0.0023814654688341,-0.0057764489256368
True,26643000.0,2022-06-22,20723.51,1.0612542782114929,1411471901.008632,1285.6412837400615,1097196.4963943206,1417665649.0611737,20723.51,26643000.0,1292.08,0.0049832179585926895,-0.0024576154881446,-0.0043157057054197
False,19988.0,2022-06-23,26967000.0,1.0481120528902677,1479380711.7630858,1349.1594956974184,1479380711.7630858,1479380711.7630858,19988.0,26967000.0,1297.69,-0.039662396795396626,-0.0015486758959501,-0.0043157057054197
True,26180000.0,2022-06-24,21110.12,1.0481120528902677,1479380711.7630858,1240.1634855699542,1192157.0138648204,1549971020.0062077,21110.12,26180000.0,1300.14,0.04613081239716177,-0.0011517236676299,-0.0030396098267403
False,21237.68,2022-06-25,27419000.0,1.0397536365733986,1538191474.9322112,1291.0543901217081,1538191474.9322112,1538191474.9322112,21237.68,27419000.0,1300.14,0.006988178102582676,-0.0011517236676299,-0.0030396098267403
True,27592000.0,2022-06-26,21491.18,1.0397536365733986,1538191474.9322112,1283.8755247501533,1197346.453768763,1556718018.4029195,21491.18,27592000.0,1300.14,0.012509787599679134,-0.0011517236676299,-0.0021038140935726
False,21038.08,2022-06-27,27837000.0,1.029338597033403,1583319854.775463,1323.1720765393038,1583319854.775463,1583319854.775463,21038.08,27837000.0,1289.29,-0.02627963959954993,-0.0029096549644765,-0.0021038140935726
True,25454000.0,2022-07-05,20236.71,1.029338597033403,1583319854.775463,1257.8131524343632,1258014.382070172,1630462120.0258672,20236.71,25454000.0,1296.06,0.02951009024708484,-0.0018127706437713,-0.0022981724296148
False,20175.84,2022-07-06,26399000.0,1.038976911634566,1645032772.8443003,1308.4461415237236,1645032772.8443003,1645032772.8443003,20175.84,26399000.0,1309.09,0.0004918366775977789,0.0002983671256213,-0.0022981724296148
True,26523000.0,2022-07-07,20564.51,1.038976911634566,1645032772.8443003,1289.7462667479072,1274686.3545995762,1663644148.842091,20564.51,26523000.0,1305.14,0.011794698846172125,-0.0003416170792214,-0.0028403663264564
False,21592.15,2022-07-10,28241000.0,1.0128513461400117,1666173658.4197855,1307.929039025757,1666173658.4197855,1666173658.4197855,21592.15,28241000.0,1297.97,-0.007672780592584472,-0.0015033099269992,-0.0028403663264564
True,25723000.0,2022-07-14,20234.87,1.0128513461400117,1666173658.4197855,1271.2214113557438,1309882.6642422748,1709527865.1025927,20234.87,25723000.0,1305.1,0.025958615159187848,-0.0003480979319287,-0.0032124299285351
False,20588.84,2022-07-15,26604000.0,1.0152205809653048,1691533789.490022,1292.156333236841,1691533789.490022,1691533789.490022,20588.84,26604000.0,1317.57,0.019288285831613572,0.0016723078995622,-0.0032124299285351
True,27140000.0,2022-07-16,20830.04,1.0152205809653048,1691533789.490022,1302.9259665367902,1297460.1578699013,1709494580.2046456,20830.04,27140000.0,1317.57,0.01111442539159957,0.0016723078995622,-0.0027810125698203
False,20799.58,2022-07-18,27856000.0,1.026622176700897,1736566100.9293633,1339.2578119365871,1736566100.9293633,1736566100.9293633,20799.58,27856000.0,1319.15,-0.015243006433375283,0.0019283015814993,-0.0027810125698203
True,27505000.0,2022-07-19,22432.58,1.026622176700897,1736566100.9293633,1226.118440232911,1415441.9663918344,1867251042.0641081,22432.58,27505000.0,1319.2,0.07055909624551915,0.0019364026473834,-0.0017712669212703
False,23398.48,2022-07-20,29322000.0,1.0207974985116677,1772682331.8288543,1253.1583248142615,1772682331.8288543,1772682331.8288543,23398.48,29322000.0,1304.38,0.03926898234083531,-0.0004647532806595,-0.0017712669212703
True,28401000.0,2022-07-28,22954.31,1.0207974985116677,1772682331.8288543,1237.2839784772445,1431840.453393979,1870513413.1002922,22954.31,28401000.0,1306.37,0.05288396206492452,-0.0001423308584729,0.0007124732027271
False,23845.25,2022-07-29,30200000.0,1.022354779974902,1812310255.3222845,1266.499617324205,1812310255.3222845,1812310255.3222845,23845.25,30200000.0,1296.07,0.022815420984819368,-0.0018111504305945,0.0007124732027271
True,30318000.0,2022-08-06,23313.56,1.022354779974902,1812310255.3222845,1300.4448912993125,1392750.810458108,1814489683.3729277,23313.56,30318000.0,1302.81,0.0018153903490819578,-0.0007191267494198,-0.0013481760975584
False,22954.21,2022-08-07,30767000.0,1.0294294704933749,1865645586.5061321,1340.3641423512288,1865645586.5061321,1865645586.5061321,22954.21,30767000.0,1302.81,-0.02882549439383264,-0.0007191267494198,-0.0013481760975584
True,30997000.0,2022-08-11,23954.05,1.0294294704933749,1865645586.5061321,1294.0191742106242,1440858.4007757201,1869571409.3425279,23954.05,30997000.0,1297.54,0.00271346223575053,-0.0015729790936024,-0.0024245735821177
False,23933.09,2022-08-12,31583000.0,1.0185436322470771,1900241432.1656845,1319.6373723576855,1900241432.1656845,1900241432.1656845,23933.09,31583000.0,1307.05,-0.009630367895402392,-3.2156362449353715e-05,-0.0024245735821177
True,31770000.0,2022-08-13,24401.7,1.0185436322470771,1900241432.1656845,1301.9584701065908,1458627.779442366,1906499439.1201444,24401.7,31770000.0,1307.05,0.003895436206272973,-3.2156362449353715e-05,-0.0026772572191662
False,24443.06,2022-08-14,32368000.0,1.0158481759823594,1930356792.7916172,1324.220453576598,1930356792.7916172,1930356792.7916172,24443.06,32368000.0,1307.05,-0.013136799339426908,-3.2156362449353715e-05,-0.0026772572191662
True,27098000.0,2022-08-30,20287.2,1.0158481759823594,1930356792.7916172,1335.7190740959816,1444296.4294556265,1943994108.1186843,20287.2,27098000.0,1345.98,0.007623386606055327,0.0062753335348997,0.0018164016533768
False,19813.03,2022-08-31,27792000.0,1.0488699852979324,2024693300.8751075,1402.7132649574548,2024693300.8751075,2024693300.8751075,19813.03,27792000.0,1350.55,-0.038623719934437695,0.0070157709567051,0.0018164016533768
True,26887000.0,2022-09-10,21361.62,1.0488699852979324,2024693300.8751075,1258.6592215384414,1607626.874394038,2226370305.8108153,21361.62,26887000.0,1384.88,0.09114203285595768,0.0125779627927183,0.0055365432243414
False,21647.21,2022-09-11,29344000.0,1.0756661412966546,2177894030.261513,1355.5557506025027,2177894030.261513,2177894030.261513,21647.21,29344000.0,1384.88,0.021174577867755673,0.0125779627927183,0.0055365432243414
True,29727000.0,2022-09-12,21826.87,1.0756661412966546,2177894030.261513,1361.945162086914,1598126.4970891597,2205510453.5728655,21826.87,29727000.0,1380.06,0.013126123438898185,0.0117970200414924,0.0060715181537814
False,20173.62,2022-09-14,30684000.0,1.1154162779434749,2429258452.9896107,1520.996231712504,2429258452.9896107,2429258452.9896107,20173.62,30684000.0,1392.37,-0.09237934723708796,0.0137915024621542,0.0060715181537814
True,26523000.0,2022-09-23,19401.63,1.1154162779434749,2429258452.9896107,1367.0500880596114,1775924.066186772,2498849475.809421,19401.63,26523000.0,1407.07,0.028442019189086953,0.0161732158320754,0.0088937388479454
False,19288.57,2022-09-24,27571000.0,1.0443312598325882,2536950540.6696043,1429.3957509550994,2536950540.6696043,2536950540.6696043,19288.57,27571000.0,1407.07,-0.015866837438861747,0.0161732158320754,0.0088937388479454
True,28280000.0,2022-10-05,20337.82,1.0443312598325882,2536950540.6696043,1390.512847492996,1823358.2324025962,2582495198.881093,20337.82,28280000.0,1416.34,0.018235135989242757,0.0176751534469849,0.0135142537668277
False,20158.26,2022-10-06,28952000.0,1.031621951061716,2617173866.5126524,1436.2350718762434,2617173866.5126524,2617173866.5126524,20158.26,28952000.0,1417.05,-0.01353874025351498,0.0177901885825389,0.0135142537668277
True,27803000.0,2022-10-26,20079.02,1.031621951061716,2617173866.5126524,1384.6791327465185,1888942.074013706,2696011464.5568023,20079.02,27803000.0,1427.26,0.029833994684557497,0.0194444262360692,0.0130630979712177
False,20295.11,2022-10-28,29116000.0,1.0348121830462382,2708283402.2175217,1434.6312978840715,2708283402.2175217,2708283402.2175217,20295.11,29116000.0,1421.67,-0.009116952516457166,0.0185387270702284,0.0130630979712177
True,28590000.0,2022-10-29,20591.84,1.0348121830462382,2708283402.2175217,1388.4140513912307,1949442.125316535,2771463386.2987585,20591.84,28590000.0,1421.67,0.023392171607172774,0.0185387270702284,0.0130455746695251
False,20627.48,2022-10-31,29091000.0,1.0145277824022778,2747628754.1686387,1410.3031490031744,2747628754.1686387,2747628754.1686387,20627.48,29091000.0,1422.05,0.008260504902658394,0.0186002951709474,0.0130455746695251
True,28685000.0,2022-11-05,21148.52,1.0145277824022778,2747628754.1686387,1356.3596885266675,2024503.178328745,2883013996.1308327,21148.52,28685000.0,1424.06,0.04754035045807925,0.0189259580194877,0.0121501062638418
False,21299.37,2022-11-06,29388000.0,1.016012234714296,2791624430.688135,1379.759119635933,2791624430.688135,2791624430.688135,21299.37,29388000.0,1424.06,0.03110885802850083,0.0189259580194877,0.0121501062638418
True,22924000.0,2022-11-11,17602.45,1.016012234714296,2791624430.688135,1302.3187113157544,2142278.185694954,2892375469.6341853,17602.45,22924000.0,1350.14,0.03541950366943114,0.0069493422164556,0.0103758225224812
False,17069.98,2022-11-12,24779000.0,1.1132838028779366,3107870262.403442,1451.6127142503976,3107870262.403442,3107870262.403442,17069.98,24779000.0,1350.14,-0.07515717944094491,0.0069493422164556,0.0103758225224812
True,22544000.0,2022-12-09,17224.1,1.1132838028779366,3107870262.403442,1308.8637432434787,2373039.5345596247,3124865919.8988047,17224.1,22544000.0,1316.82,0.006042023022524878,0.0015507919113009,-0.001057400046221
False,17128.56,2022-12-10,22918000.0,1.0210205887978965,3173199525.226635,1337.999224686722,3173199525.226635,3173199525.226635,17128.56,22918000.0,1316.82,-0.01608361407536485,0.0015507919113009,-0.001057400046221
True,22824000.0,2022-12-14,17775.82,1.0210205887978965,3173199525.226635,1283.9913995528757,2469857.0611376124,3185053570.3312306,17775.82,22824000.0,1289.57,0.004325938450122302,-0.0028642889955256,-0.002417374392709
False,17804.01,2022-12-15,23182000.0,1.01284749941832,3213967204.281198,1302.0662199133792,3213967204.281198,3213967204.281198,17804.01,23182000.0,1295.91,-0.004750499582053536,-0.0018370738414236,-0.002417374392709
True,21654000.0,2022-12-21,16896.15,1.01284749941832,3213967204.281198,1281.5937358510666,2506269.661089477,3218200621.0185537,16896.15,21654000.0,1284.06,0.0019206767198833852,-0.0037570264559519,-0.003219253336079
False,16824.68,2022-12-22,22017000.0,1.0198456042149748,3277750325.377272,1308.6132990345136,3277750325.377272,3277750325.377272,16824.68,22017000.0,1280.37,-0.022058701027448002,-0.0043548851181974,-0.003219253336079
True,21061000.0,2022-12-30,16633.47,1.0198456042149748,3277750325.377272,1266.181981270294,2587120.1253224667,3262979386.861708,16633.47,21061000.0,1261.24,-0.003918351202224946,-0.0074543529254485,-0.0045197157019879
False,16831.85,2023-01-06,21589000.0,1.0117616712502004,3316302147.144597,1282.6278751295906,3316302147.144597,3316302147.144597,16831.85,21589000.0,1274.58,-0.0063141388767993245,-0.0052929885475745,-0.0045197157019879
True,21575000.0,2023-01-07,16950.31,1.0117616712502004,3316302147.144597,1272.838077887661,2603860.753139476,3318828838.736513,16950.31,21575000.0,1274.58,0.0013666636165160506,-0.0052929885475745,-0.007743864767481
False,22827.38,2023-01-31,29657000.0,1.019461319118631,3380841761.5239797,1299.1854518564987,3380841761.5239797,3380841761.5239797,22827.38,29657000.0,1231.88,-0.05463637030920099,-0.0122112988125836,-0.007743864767481
True,28724000.0,2023-02-01,23125.13,1.019461319118631,3380841761.5239797,1242.1119362356017,2720195.7230474846,3355959867.438143,23125.13,28724000.0,1233.72,-0.006802140060631068,-0.0119131795880493,-0.0105780313693452
False,23489.33,2023-02-03,29599000.0,1.0132525603112852,3425646570.8714876,1260.1040557563795,3425646570.8714876,3425646570.8714876,23489.33,29599000.0,1225.19,-0.028496850085602654,-0.0132952214278742,-0.0105780313693452
True,29225000.0,2023-02-08,23242.42,1.0132525603112852,3425646570.8714876,1257.3991864874656,2722735.222936834,3419238120.3163056,23242.42,29225000.0,1255.81,-0.001265467297971501,-0.0083341286804602,-0.0111674748911797
False,22961.85,2023-02-09,29452000.0,1.018842005363268,3490192621.932509,1282.6492638877094,3490192621.932509,3490192621.932509,22961.85,29452000.0,1260.87,-0.01727320333397553,-0.0075143008129908,-0.0111674748911797
True,28334000.0,2023-02-15,22199.84,1.018842005363268,3490192621.932509,1276.3155049766124,2732923.927679588,3477891661.1257668,22199.84,28334000.0,1272.59,-0.00292749823321925,-0.0056154109697611,-0.0088466658725365
False,23517.72,2023-02-17,31183000.0,1.0376164044891314,3621481119.3441043,1325.9363577761787,3621481119.3441043,3621481119.3441043,23517.72,31183000.0,1289.94,-0.027905451242832058,-0.0028043411079834,-0.0088466658725365
True,30466000.0,2023-02-18,24568.24,1.0376164044891314,3621481119.3441043,1240.0562677668404,2918642.55612069,3764873778.842323,24568.24,30466000.0,1289.94,0.03867135853850534,-0.0028043411079834,-0.0073332143012914
False,24632.05,2023-02-19,31641000.0,1.034618872770608,3746852713.455837,1284.54594725165,3746852713.455837,3746852713.455837,24632.05,31641000.0,1289.94,0.0041816307334838765,-0.0028043411079834,-0.0073332143012914
True,31434000.0,2023-02-21,24843.89,1.034618872770608,3746852713.455837,1265.2607945052084,2959529.3852946814,3836793085.683731,24843.89,31434000.0,1296.42,0.024034807774325984,-0.0017544429694059,-0.0055446112930849
False,24450.67,2023-02-22,31883000.0,1.0293441179383922,3856800801.3772697,1303.9724473807876,3856800801.3772697,3856800801.3772697,24450.67,31883000.0,1306.16,0.0016747968236758837,-0.000176355335186,-0.0055446112930849
True,27722000.0,2023-03-13,21998.05,1.0293441179383922,3856800801.3772697,1260.202608867604,3058604.9729693984,4034605819.843933,21998.05,27722000.0,1319.1,0.0446496786690892,0.0019202005156152,0.0014641160441792
False,24670.41,2023-03-15,31676000.0,1.017621707465495,3924764216.8518267,1283.9673114471952,3924764216.8518267,3924764216.8518267,24670.41,31676000.0,1304.94,0.01607176464266924,-0.0003740213427577,0.0014641160441792
True,32505000.0,2023-03-17,24998.78,1.017621707465495,3924764216.8518267,1300.2634528564993,3016604.2845920557,3927136121.8533216,24998.78,32505000.0,1301.84,0.0012110145206019052,-0.000876287427571,0.0018460290867126
False,26907.49,2023-03-19,36207000.0,1.033617864330157,4056706407.8218064,1345.6104601358209,4056706407.8218064,4056706407.8218064,26907.49,36207000.0,1301.84,-0.03362199666304688,-0.000876287427571,0.0018460290867126
True,35760000.0,2023-03-20,27972.87,1.033617864330157,4056706407.8218064,1278.3815175203688,3171385.3419084935,4151660551.0924087,27972.87,35760000.0,1309.1,0.023465344495936957,0.0002999873387981,0.0022854367545513
False,27717.01,2023-03-21,37228000.0,1.0493846655594432,4257045497.044936,1343.1463206168341,4257045497.044936,4257045497.044936,27717.01,37228000.0,1303.87,-0.030122880821580544,-0.0005473841526772,0.0022854367545513
True,36372000.0,2023-03-24,28295.42,1.0493846655594432,4257045497.044936,1285.4377139480525,3309735.4347924455,4258537291.884396,28295.42,36372000.0,1286.67,0.0009577327923613321,-0.0033341508168026,0.0025691520624303
False,27454.46,2023-03-25,37268000.0,1.0547372713123824,4490064551.405841,1357.4479337783368,4490064551.405841,4490064551.405841,27454.46,37268000.0,1286.67,-0.05500861431317805,-0.0033341508168026,0.0025691520624303
True,36020000.0,2023-03-30,28348.6,1.0547372713123824,4490064551.405841,1270.6094833607303,3531642.3977500363,4616315727.371005,28348.6,36020000.0,1307.13,0.027939467871802792,-1.91946570348156e-05,0.0018417570402503
False,28028.53,2023-03-31,37402000.0,1.0489502878598291,4709854503.706371,1334.4260294778214,4709854503.706371,4709854503.706371,28028.53,37402000.0,1296.97,-0.028879642148871065,-0.001665331244681,0.0018417570402503
True,36814000.0,2023-04-05,28165.47,1.0489502878598291,4709854503.706371,1307.061447936072,3601204.5987912505,4719522674.899885,28165.47,36814000.0,1310.54,0.0026542891204602848,0.0005332980362598,0.0005339768169755
