state,enter_price,enter_time,exit_price,ror,fiat_money,bin btc price (usdt),up btc price (krw),exchage rate(usd),kimch premium,LSTM_pred_exchange_rate,pred premium(Lstm-liner-pre)
False,0.0,,0.0,1.0,1000000.0,,,,,,
True,8343000.0,2020-01-01,7195.24,1.0,1000000.0,7195.24,8343000.0,1155.07,0.0038496102292271406,1149.394287109375,0.025575742705038
False,6965.49,2020-01-03,8300000.0,1.0112500435945584,1011250.0435945584,6965.49,8300000.0,1157.94,0.029059207376836538,1148.53759765625,0.0257145446590774
True,8038000.0,2020-01-04,7345.0,1.0112500435945584,1011250.0435945584,7345.0,8038000.0,1157.94,-0.05491657781083581,1148.624755859375,0.0257004231721603
False,7354.19,2020-01-05,8476000.0,1.0368415233988624,1048506.0357377478,7354.19,8476000.0,1157.94,-0.004663235950477018,1148.9146728515625,0.0256534504390678
True,8483000.0,2020-01-06,7357.64,1.0368415233988624,1048506.0357377478,7357.64,8483000.0,1165.89,-0.011097772471146627,1149.4578857421875,0.025565438370747
False,9851.74,2020-02-11,11821000.0,1.0217488103207013,1071309.7946291186,9851.74,11821000.0,1188.17,0.009863540281219718,1182.1033935546875,0.0202761701785771
True,11520000.0,2020-02-12,10223.08,1.0217488103207013,1071309.7946291186,10223.08,11520000.0,1182.29,-0.04688192971080851,1183.4727783203125,0.0200543006544373
False,9904.46,2020-02-16,11857000.0,1.04085930467678,1115082.7679310883,9904.46,11857000.0,1184.59,0.01059223124359443,1184.259033203125,0.0199269106022903
True,11513000.0,2020-02-17,9910.7,1.04085930467678,1115082.7679310883,9910.7,11513000.0,1183.44,-0.018392359091503052,1183.2515869140625,0.0200901383775378
False,9706.0,2020-02-18,11659000.0,1.0137911052439093,1130460.9917392957,9706.0,11659000.0,1185.38,0.01335921210032276,1181.9952392578125,0.0202936934802697
True,11438000.0,2020-02-19,10164.78,1.0137911052439093,1130460.9917392957,10164.78,11438000.0,1191.05,-0.05523865606190914,1180.4488525390625,0.0205442410940871
False,9594.65,2020-02-20,11837000.0,1.0756670859738078,1215999.680791269,9594.65,11837000.0,1193.0,0.03412268962809861,1178.7740478515625,0.0208155951564154
True,11419000.0,2020-02-21,9597.21,1.0756670859738078,1215999.680791269,9597.21,11419000.0,1205.21,-0.012765443743800176,1177.2879638671875,0.0210563724417495
False,9316.48,2020-02-26,11635000.0,1.0308875547450016,1253558.937501614,9316.48,11635000.0,1216.04,0.02699107860675798,1176.947998046875,0.0211114541519233
True,10742000.0,2020-02-28,8823.25,1.0308875547450016,1253558.937501614,8823.25,10742000.0,1212.68,0.003945987178775923,1181.7606201171875,0.0203317067825872
False,8034.76,2020-03-09,10678000.0,1.0742075686816364,1346582.4984527442,8034.76,10678000.0,1188.7,0.11800757214906676,1213.129638671875,0.0152492570619746
True,9574000.0,2020-03-12,7934.58,1.0742075686816364,1346582.4984527442,7934.58,9574000.0,1192.71,0.01166009459861006,1211.2908935546875,0.0155471729687421
False,4800.01,2020-03-13,9507000.0,1.622649845276451,2185031.882766322,4800.01,9507000.0,1211.21,0.6352415136157339,1210.04638671875,0.0157488096061647
True,6362000.0,2020-03-14,5576.05,1.622649845276451,2185031.882766322,5576.05,6362000.0,1211.21,-0.058007255848065764,1208.2081298828125,0.0160466464009607
False,5172.48,2020-03-15,7261000.0,1.2226685196629739,2671569.6975183,5172.48,7261000.0,1211.21,0.15898594381540887,1206.600830078125,0.0163070632332257
True,6385000.0,2020-03-18,5312.64,1.2226685196629739,2671569.6975183,5312.64,6385000.0,1239.76,-0.030577950054134106,1204.806884765625,0.0165977206166059
False,5393.26,2020-03-19,6774000.0,1.0392842143457537,2776520.214155229,5393.26,6774000.0,1256.5,-0.00038827404446672986,1205.7991943359375,0.0164369453124756
True,6747000.0,2020-03-20,6162.05,1.0392842143457537,2776520.214155229,6162.05,6747000.0,1258.36,-0.12987712233051651,1207.880859375,0.0160996711998748
False,6204.57,2020-03-21,7675000.0,1.1234362099142337,3119243.3461408066,6204.57,7675000.0,1258.36,-0.016981274513005906,1211.007080078125,0.0155931568021907
True,7788000.0,2020-03-22,6187.04,1.1234362099142337,3119243.3461408066,6187.04,7788000.0,1258.36,0.0003180705254939298,1215.0865478515625,0.0149321960580982
False,5816.05,2020-03-23,7740000.0,1.0513564770842518,3279436.695567092,5816.05,7740000.0,1254.85,0.060525252802390295,1219.9815673828125,0.0141390985435674
True,7379000.0,2020-03-24,6465.25,1.0513564770842518,3279436.695567092,6465.25,7379000.0,1273.0,-0.10343086534929491,1225.455078125,0.0132522731207732
False,6744.69,2020-03-25,8047000.0,1.0397687727443814,3409855.8682426848,6744.69,8047000.0,1234.21,-0.03331952447872988,1231.167724609375,0.0123267026099249
True,7218000.0,2020-03-31,6394.45,1.0397687727443814,3409855.8682426848,6394.45,7218000.0,1224.71,-0.0783194603053452,1252.0003662109375,0.0089513705668489
False,6412.14,2020-04-01,7794000.0,1.0714236538333406,3653400.233397635,6412.14,7794000.0,1218.8,-0.0027019728655520714,1250.731201171875,0.0091570023588334
True,7799000.0,2020-04-02,6643.36,1.0714236538333406,3653400.233397635,6643.36,7799000.0,1236.7,-0.05073652164120046,1247.9993896484375,0.0095996140615188
False,6732.97,2020-04-04,8160000.0,1.0271332208158206,3752528.7486589835,6732.97,8160000.0,1227.85,-0.01295224560285857,1239.97802734375,0.0108992457517267
True,8149000.0,2020-04-05,6857.41,1.0271332208158206,3752528.7486589835,6857.41,8149000.0,1227.85,-0.03217043025129618,1235.4820556640625,0.0116276890075293
False,6772.78,2020-04-06,8248000.0,1.019588159236761,3826033.8793282392,6772.78,8248000.0,1236.42,-0.015046648896081871,1230.9798583984375,0.0123571409409689
True,8198000.0,2020-04-07,7329.9,1.019588159236761,3826033.8793282392,7329.9,8198000.0,1224.64,-0.0867253063971315,1226.7620849609375,0.0130405101509956
False,7197.32,2020-04-08,8777000.0,1.0848760476692578,4150772.5132542984,7197.32,8777000.0,1215.43,0.003333549414288761,1222.9132080078125,0.0136641102665356
True,8652000.0,2020-04-09,7360.26,1.0848760476692578,4150772.5132542984,7360.26,8652000.0,1216.26,-0.03351096609550397,1219.4195556640625,0.0142301564227918
False,7283.54,2020-04-10,8821000.0,1.025193189907314,4255343.713442773,7283.54,8821000.0,1211.11,-1.9059765955398156e-05,1216.4835205078125,0.0147058567075673
True,8413000.0,2020-04-12,6876.84,1.025193189907314,4255343.713442773,6876.84,8413000.0,1211.11,0.010132580432603122,1211.865478515625,0.015454077956251
False,6621.25,2020-04-16,8375000.0,1.0290612744273429,4379009.424881801,6621.25,8375000.0,1224.72,0.032780477003505615,1208.1590576171875,0.0160545971540989
True,8107000.0,2020-04-17,7101.99,1.0290612744273429,4379009.424881801,7101.99,8107000.0,1228.98,-0.07117199525498297,1207.905517578125,0.0160956760453128
False,7026.78,2020-04-18,8557000.0,1.0619912936736935,4650469.88413952,7026.78,8557000.0,1228.98,-0.00912160298235487,1208.089599609375,0.0160658508320482
True,8519000.0,2020-04-19,7248.6,1.0619912936736935,4650469.88413952,7248.6,8519000.0,1228.98,-0.043709881533190775,1208.51806640625,0.0159964300770356
False,7121.4,2020-04-20,8712000.0,1.0362728132709853,4819155.509869253,7121.4,8712000.0,1216.26,0.0058334223724509915,1209.18505859375,0.0158883631239335
True,8387000.0,2020-04-22,6841.36,1.0362728132709853,4819155.509869253,6841.36,8387000.0,1233.53,-0.006164552700943959,1210.9140625,0.015608227632766
False,9539.1,2020-05-10,11881000.0,1.0109445606489658,4871899.049623815,9539.1,11881000.0,1220.11,0.020813976751886454,1206.4468994140625,0.0163320032822487
True,10441000.0,2020-05-13,8810.99,1.0109445606489658,4871899.049623815,8810.99,10441000.0,1226.84,-0.03410601822613635,1198.59423828125,0.0176043017862949
False,9315.96,2020-05-16,11777000.0,1.0613059416167197,5170575.408322605,9315.96,11777000.0,1227.53,0.029852304456771783,1191.743408203125,0.0187142823027663
True,11314000.0,2020-05-17,9380.81,1.0613059416167197,5170575.408322605,9380.81,11314000.0,1227.53,-0.01747475078254268,1190.3558349609375,0.0189390987478454
False,9511.43,2020-05-21,11727000.0,1.0169909580445742,5258428.438151722,9511.43,11727000.0,1227.4,0.004511678331052149,1187.9501953125,0.0193288636535526
True,11089000.0,2020-05-23,9170.0,1.0169909580445742,5258428.438151722,9170.0,11089000.0,1233.27,-0.019460980484726886,1190.9456787109375,0.018843531486244
False,8718.14,2020-05-25,11140000.0,1.0514901024096066,5529185.456945742,8718.14,11140000.0,1240.56,0.03001506825575384,1193.2099609375,0.0184766694962931
True,10663000.0,2020-05-26,8900.35,1.0514901024096066,5529185.456945742,8900.35,10663000.0,1240.95,-0.034576112173100526,1194.6287841796875,0.0182467898850365
False,8841.0,2020-05-27,10821000.0,1.0168721925286612,5622474.938502003,8841.0,10821000.0,1230.99,-0.00571364024133314,1197.095703125,0.0178470964269029
True,10724000.0,2020-05-28,9204.07,1.0168721925286612,5622474.938502003,9204.07,10724000.0,1238.26,-0.0590532460417067,1198.6129150390625,0.0176012757533841
False,9426.6,2020-05-30,11579000.0,1.0493134120423937,5899738.361842385,9426.6,11579000.0,1238.03,-0.007832935588132472,1199.9669189453125,0.0173818982563473
True,11397000.0,2020-05-31,9697.72,1.0493134120423937,5899738.361842385,9697.72,11397000.0,1238.03,-0.05073003724509306,1200.4149169921875,0.0173093130224738
False,9448.27,2020-06-01,11583000.0,1.0383228652750727,6125833.240241448,9448.27,11583000.0,1231.47,-0.004491610170534899,1200.6728515625,0.0172675221235161
True,11432000.0,2020-06-02,10202.71,1.0383228652750727,6125833.240241448,10202.71,11432000.0,1223.05,-0.08385870094362669,1200.7020263671875,0.0172627951832176
False,9518.02,2020-06-03,12111000.0,1.130556845465325,6925602.703934003,9518.02,12111000.0,1220.12,0.042871610407827054,1200.575439453125,0.0172833049618352
True,11520000.0,2020-06-04,9666.32,1.130556845465325,6925602.703934003,9666.32,11520000.0,1215.95,-0.01988825432215635,1199.73779296875,0.0174190215489851
False,9621.17,2020-06-06,11785000.0,1.0235029797031618,7088375.003716726,9621.17,11785000.0,1216.54,0.006874414620761993,1198.4278564453125,0.0176312591905918
True,11601000.0,2020-06-07,9666.85,1.0235029797031618,7088375.003716726,9666.85,11601000.0,1216.54,-0.013529610103341971,1197.21630859375,0.0178275557699365
False,9278.88,2020-06-12,11732000.0,1.0492729895900739,7437640.431485401,9278.88,11732000.0,1206.2,0.0482314169484368,1185.281494140625,0.0197612501339185
True,11090000.0,2020-06-13,9464.96,1.0492729895900739,7437640.431485401,9464.96,11090000.0,1206.2,-0.028610423219747605,1182.17041015625,0.0202653120604854
False,9473.34,2020-06-14,11374000.0,1.0207224661299759,7591766.683413796,9473.34,11374000.0,1206.2,-0.004615725526319503,1179.091796875,0.0207641130409459
True,11382000.0,2020-06-15,9342.1,1.0207224661299759,7591766.683413796,9342.1,11382000.0,1203.61,0.012251157746275831,1176.2821044921875,0.0212193431030895
False,9298.33,2020-06-25,11506000.0,1.0117018179082842,7680604.154745284,9298.33,11506000.0,1206.2,0.025888331636400697,1176.7674560546875,0.0211407058033944
True,11232000.0,2020-06-26,9249.49,1.0117018179082842,7680604.154745284,9249.49,11232000.0,1202.36,0.009961428288661978,1178.4312744140625,0.0208711317604254
False,11071.36,2020-08-03,13922000.0,1.0312921670194743,7920946.902766041,11071.36,13922000.0,1194.1,0.05307658989821329,1167.3636474609375,0.0226643232629804
True,13030000.0,2020-08-04,11219.68,1.0312921670194743,7920946.902766041,11219.68,13030000.0,1192.7,-0.026283059086079086,1166.850341796875,0.0227474897230453
False,11191.99,2020-08-05,13273000.0,1.0169264187001679,8055020.1665440565,11191.99,13273000.0,1193.32,-0.006186569603792158,1166.1295166015625,0.022864278771008
True,13322000.0,2020-08-06,11744.91,1.0169264187001679,8055020.1665440565,11744.91,13322000.0,1186.24,-0.04380345134543984,1165.3466796875,0.0229911150393543
False,11762.47,2020-08-07,13843000.0,1.0332231462907084,8322633.2799117565,11762.47,13843000.0,1184.0,-0.0060146403797013415,1164.3232421875,0.0231569337316691
True,13883000.0,2020-08-08,11594.36,1.0332231462907084,8322633.2799117565,11594.36,13883000.0,1184.0,0.011311254502771817,1163.3414306640625,0.0233160081284116
False,11392.09,2020-08-12,13994000.0,1.0216104288414487,8502488.954180762,11392.09,13994000.0,1186.12,0.035642425894020224,1158.44189453125,0.024109837428679
True,13619000.0,2020-08-13,11564.34,1.0216104288414487,8502488.954180762,11564.34,13619000.0,1183.74,-0.005126083043096696,1156.9332275390625,0.0243542736426961
False,11531.23,2020-08-22,13951000.0,1.0231307967923813,8699158.298409384,11531.23,13951000.0,1185.36,0.020656101778524505,1149.3433837890625,0.0255839901280694
True,13781000.0,2020-08-23,11663.51,1.0231307967923813,8699158.298409384,11663.51,13781000.0,1185.36,-0.0032156774056331106,1149.242919921875,0.0256002674162106
False,11318.42,2020-08-26,13876000.0,1.0334351406080213,8990015.879288137,11318.42,13876000.0,1187.48,0.03240995083942555,1150.5355224609375,0.0253908382495929
True,13473000.0,2020-08-27,11461.42,1.0334351406080213,8990015.879288137,11461.42,13473000.0,1184.79,-0.007833629715579327,1151.4537353515625,0.0252420681871415
False,11330.38,2020-08-28,13561000.0,1.0142218765145097,9117870.774986854,11330.38,13561000.0,1187.56,0.007840205089963526,1152.2806396484375,0.0251080920633652
True,13401000.0,2020-08-29,11526.9,1.0142218765145097,9117870.774986854,11526.9,13401000.0,1187.56,-0.021030592071221488,1153.200927734375,0.0249589857750348
False,11465.84,2020-08-30,13546000.0,1.0123044286476217,9230060.965355914,11465.84,13546000.0,1187.56,-0.005168259613360093,1154.00341796875,0.0248289652498346
True,13470000.0,2020-08-31,11711.17,1.0123044286476217,9230060.965355914,11711.17,13470000.0,1180.51,-0.025688922869649078,1154.7471923828125,0.0247084579392103
False,11649.51,2020-09-01,13671000.0,1.0163985725719935,9381420.789940227,11649.51,13671000.0,1188.07,-0.012241910456701088,1155.3905029296875,0.0246042279167271
True,13733000.0,2020-09-02,11921.97,1.0163985725719935,9381420.789940227,11921.97,13733000.0,1185.58,-0.028402181586968056,1155.930419921875,0.0245167498542141
False,11388.54,2020-09-03,13972000.0,1.0610381861096108,9954045.69808917,11388.54,13972000.0,1189.63,0.03128480243310805,1156.328369140625,0.0244522735974218
True,12301000.0,2020-09-05,10446.25,1.0610381861096108,9954045.69808917,10446.25,12301000.0,1191.73,-0.011897197333776033,1156.7755126953125,0.0243798268094985
False,10166.69,2020-09-06,12630000.0,1.0513994874764765,10465678.545288378,10166.69,12630000.0,1191.73,0.0424275891390804,1156.779541015625,0.0243791741357334
True,12383000.0,2020-09-07,10255.89,1.0513994874764765,10465678.545288378,10255.89,12383000.0,1187.33,0.016906627100295113,1156.723388671875,0.0243882720124587
False,10417.22,2020-09-22,12828000.0,1.016481661761077,10638170.319171982,10417.22,12828000.0,1164.84,0.05716028538871232,1149.7545166015625,0.025517377848046
True,12290000.0,2020-09-23,10529.61,1.016481661761077,10638170.319171982,10529.61,12290000.0,1163.65,0.0030376226003443474,1148.2086181640625,0.0257678463498919
False,10241.46,2020-09-24,12346000.0,1.0294643973197908,10951617.59621167,10241.46,12346000.0,1170.78,0.029648768927093894,1146.30126953125,0.0260768774886585
True,11943000.0,2020-09-25,10736.33,1.0294643973197908,10951617.59621167,10736.33,11943000.0,1169.6,-0.04891305403862234,1144.4429931640625,0.026377957874287
False,10686.57,2020-09-26,12495000.0,1.0477730261443767,11474809.509958707,10686.57,12495000.0,1169.6,-0.0003210071254179381,1142.7322998046875,0.0266551266665223
True,12456000.0,2020-09-27,10728.59,1.0477730261443767,11474809.509958707,10728.59,12456000.0,1169.6,-0.007344413232159397,1141.2197265625,0.0269001957763116
False,10619.13,2020-10-02,12562000.0,1.0157037593419258,11655007.15699754,10619.13,12562000.0,1162.93,0.01722324873083836,1138.1573486328125,0.027396366283719
True,12440000.0,2020-10-03,10570.4,1.0157037593419258,11655007.15699754,10570.4,12440000.0,1162.93,0.011988050140531392,1138.3116455078125,0.0273713669007173
False,17149.47,2020-11-27,20840000.0,1.0287282808022342,11989835.475355813,17149.47,20840000.0,1106.07,0.09866274654874418,1091.63916015625,0.0349333044768579
True,19226000.0,2020-11-28,17139.53,1.0287282808022342,11989835.475355813,17139.53,19226000.0,1106.07,0.014162192821064234,1092.165771484375,0.034847982215569
False,22719.88,2020-12-22,25890000.0,1.0112389394347836,12124588.510096358,22719.88,25890000.0,1104.31,0.03189382196594304,1076.8892822265625,0.0373230991346703
True,25387000.0,2020-12-23,23810.79,1.0112389394347836,12124588.510096358,23810.79,25387000.0,1109.94,-0.039409968441892596,1077.3826904296875,0.037243156487445
False,23232.39,2020-12-24,26776000.0,1.0756526086357072,13041845.25951967,23232.39,26776000.0,1106.87,0.04125042836585613,1078.2464599609375,0.0371032074098185
True,26380000.0,2020-12-25,23728.99,1.0756526086357072,13041845.25951967,23728.99,26380000.0,1102.66,0.008216771256795097,1079.4263916015625,0.0369120333306302
False,31989.75,2021-01-05,37537000.0,1.0497124018166073,13690186.711490927,31989.75,37537000.0,1086.69,0.07979930519646761,1088.44775390625,0.0354503803227405
True,36478000.0,2021-01-06,33949.53,1.0497124018166073,13690186.711490927,33949.53,36478000.0,1087.4,-0.011884017182755335,1087.12109375,0.035665327549372
False,40586.96,2021-01-09,44698000.0,1.0183311814392801,13941144.00803689,40586.96,44698000.0,1094.35,0.0063413672998406945,1082.5179443359375,0.0364111358829242
True,38496000.0,2021-01-14,37371.38,1.0183311814392801,13941144.00803689,37371.38,38496000.0,1098.11,-0.06193998604396689,1076.3857421875,0.0374046833553047
False,39145.21,2021-01-15,41380000.0,1.0197584299615496,14216599.125503564,39145.21,41380000.0,1096.04,-0.03553725817746867,1075.9073486328125,0.0374821933094056
True,40070000.0,2021-01-18,35824.99,1.0197584299615496,14216599.125503564,35824.99,40070000.0,1104.26,0.01288916099901205,1077.012939453125,0.0373030640278818
False,30851.99,2021-01-22,39253000.0,1.1307814008187336,16075865.874015303,30851.99,39253000.0,1099.97,0.15666829582028363,1082.6231689453125,0.0363940872530607
True,34525000.0,2021-01-23,32950.0,1.1307814008187336,16075865.874015303,32950.0,34525000.0,1099.97,-0.04742884214127341,1084.7674560546875,0.0360466670301119
False,32078.0,2021-01-24,36345000.0,1.0759127157899846,17296228.51118734,32078.0,36345000.0,1099.97,0.03004583300667507,1086.78076171875,0.0357204685935244
True,35494000.0,2021-01-25,32259.45,1.0759127157899846,17296228.51118734,32259.45,35494000.0,1105.54,-0.004769846822941903,1088.745849609375,0.035402082464125
False,30362.19,2021-01-28,35929000.0,1.0703652951036267,18513282.734556798,30362.19,35929000.0,1108.42,0.06759783075642489,1093.645751953125,0.0346081938298789
True,34293000.0,2021-01-29,33368.18,1.0703652951036267,18513282.734556798,33368.18,34293000.0,1113.24,-0.07682474032150177,1094.8038330078125,0.0344205600114162
False,34246.28,2021-01-30,36631000.0,1.0360260820764866,19180243.777857143,34246.28,36631000.0,1113.24,-0.03916996826625241,1095.8690185546875,0.034247977245536
True,37523000.0,2021-01-31,34262.89,1.0360260820764866,19180243.777857143,34262.89,37523000.0,1113.24,-0.016249969694597466,1096.8748779296875,0.034085006584196
False,33092.97,2021-02-01,37039000.0,1.017236540352914,19510844.823712908,33092.97,37039000.0,1118.43,0.0007248848847054568,1097.9532470703125,0.0339102877950846
True,36408000.0,2021-02-02,33517.09,1.017236540352914,19510844.823712908,33517.09,36408000.0,1117.44,-0.027910384813391698,1099.1400146484375,0.0337180061482949
False,51552.61,2021-02-19,57458000.0,1.0204500231247045,19909842.051540356,51552.61,57458000.0,1107.08,0.006748154862477929,1102.6173095703125,0.0331546102430848
True,57852000.0,2021-02-20,55906.0,1.0204500231247045,19909842.051540356,55906.0,57852000.0,1107.08,-0.06528125480232516,1100.934326171875,0.0334272894309361
False,55841.19,2021-02-21,63649000.0,1.0944053744434619,21789438.145526204,55841.19,63649000.0,1107.08,0.02957482560054392,1099.461669921875,0.0336658911370533
True,64260000.0,2021-02-22,57412.35,1.0944053744434619,21789438.145526204,57412.35,64260000.0,1106.02,0.011981136218638833,1098.09716796875,0.0338869695414779
False,54087.67,2021-02-23,65416000.0,1.0737007051952008,23395335.102658693,54087.67,65416000.0,1112.58,0.08706237116889715,1096.9072265625,0.0340797654160825
True,55106000.0,2021-02-25,49676.21,1.0737007051952008,23395335.102658693,49676.21,55106000.0,1107.54,0.0015923835139430853,1096.00146484375,0.03422651812326
False,47073.73,2021-02-26,56501000.0,1.076237099443869,25178927.591402724,47073.73,56501000.0,1119.47,0.07217348452848849,1095.8760986328125,0.0342468301219489
True,51798000.0,2021-03-02,49595.76,1.076237099443869,25178927.591402724,49595.76,51798000.0,1113.53,-0.06207843901075727,1099.130859375,0.033719489497761
False,48436.61,2021-03-03,56438000.0,1.110235006786435,27954526.84531616,48436.61,56438000.0,1125.29,0.03546021237666763,1100.9979248046875,0.033416985096645
True,56007000.0,2021-03-04,50349.37,1.110235006786435,27954526.84531616,50349.37,56007000.0,1127.05,-0.01302742227609699,1103.0169677734375,0.0330898570943922
False,48374.09,2021-03-05,57933000.0,1.0715305426243924,29954129.31936977,48374.09,57933000.0,1131.03,0.05886132456148441,1105.18701171875,0.0327382637149454
True,56410000.0,2021-03-06,48746.81,1.0715305426243924,29954129.31936977,48746.81,56410000.0,1131.03,0.02314167423122071,1107.4208984375,0.0323763264452219
False,58976.08,2021-03-15,70615000.0,1.0295779163709613,30840110.05134305,58976.08,70615000.0,1136.5,0.05354143494660746,1124.44482421875,0.0296180875580281
True,64490000.0,2021-03-17,56900.74,1.0295779163709613,30840110.05134305,56900.74,64490000.0,1129.93,0.0030507870067746357,1125.8077392578125,0.0293972662675109
False,57641.0,2021-03-19,68494000.0,1.043219896934616,32173016.429214314,57641.0,68494000.0,1128.25,0.05321171352593734,1125.813232421875,0.0293963762578313
True,67139000.0,2021-03-20,58030.01,1.043219896934616,32173016.429214314,58030.01,67139000.0,1128.25,0.025455646451300273,1125.282470703125,0.0294823709708782
False,57351.56,2021-03-22,67849000.0,1.0174871374405416,32735630.38938879,57351.56,67849000.0,1129.47,0.047426399177104894,1123.6253662109375,0.0297508572242387
True,63334000.0,2021-03-27,55025.59,1.0174871374405416,32735630.38938879,55025.59,63334000.0,1135.24,0.013875257793745543,1117.310791015625,0.0307739530179834
False,55817.14,2021-03-28,65660000.0,1.017215397233382,33299187.270227283,55817.14,65660000.0,1135.24,0.036204832506904205,1116.4412841796875,0.0309148316612753
True,67133000.0,2021-03-30,57635.46,1.017215397233382,33299187.270227283,57635.46,67133000.0,1132.56,0.028454475342901464,1115.2667236328125,0.031105135508777
False,58739.46,2021-04-01,70800000.0,1.0297712512174058,34290545.73978466,58739.46,70800000.0,1127.96,0.0685863177650976,1114.490478515625,0.0312309037655077
True,59850000.0,2021-04-27,54001.38,1.0297712512174058,34290545.73978466,54001.38,59850000.0,1110.44,-0.001922652297217109,1105.97607421875,0.0326104187689622
False,55011.97,2021-04-28,64198000.0,1.0483433318013515,35948264.97013249,55011.97,64198000.0,1113.43,0.04809676929262108,1105.8326416015625,0.0326336579105975
True,63816000.0,2021-05-01,57697.25,1.0483433318013515,35948264.97013249,57697.25,63816000.0,1107.81,-0.0015893984999987287,1104.8441162109375,0.0327938200969483
False,57797.35,2021-05-02,67956000.0,1.0583568925385543,38046094.00594199,57797.35,67956000.0,1107.81,0.06134016542643095,1104.6715087890625,0.0328217861788822
True,42585000.0,2021-05-25,38810.99,1.0583568925385543,38046094.00594199,38810.99,42585000.0,1123.6,-0.023459633521164647,1115.9935302734375,0.0309873773391631
False,38324.72,2021-05-26,46932000.0,1.1124896295494189,42325885.02647277,38324.72,46932000.0,1122.54,0.09090830003670791,1116.671142578125,0.0308775897006803
True,43744000.0,2021-06-04,39246.78,1.1124896295494189,42325885.02647277,39246.78,43744000.0,1116.64,-0.0018374282497569672,1111.668701171875,0.0316880918489465
False,36829.15,2021-06-05,45429000.0,1.1033709372913374,46701151.43334464,36829.15,45429000.0,1116.64,0.10465916582947932,1110.2750244140625,0.0319138971936696
True,38495000.0,2021-06-10,37388.05,1.1033709372913374,46701151.43334464,37388.05,38495000.0,1117.03,-0.07826374082105891,1104.25390625,0.0328894466925283
False,36677.83,2021-06-11,43282000.0,1.1430673295813467,53382560.45728734,36677.83,43282000.0,1112.56,0.060669903214103815,1103.52685546875,0.0330072444181279
True,42836000.0,2021-06-12,37331.98,1.1430673295813467,53382560.45728734,37331.98,42836000.0,1112.56,0.03134613112257223,1103.0631103515625,0.0330823810130831
False,35546.12,2021-06-13,43698000.0,1.0685802033201242,57043547.30719692,35546.12,43698000.0,1112.56,0.10495836998271568,1102.887939453125,0.0331107624328675
True,41430000.0,2021-06-14,39020.56,1.0685802033201242,57043547.30719692,39020.56,41430000.0,1116.55,-0.049081581154154175,1102.9122314453125,0.0331068266122841
False,40516.28,2021-06-15,44746000.0,1.0375345694617093,59184652.295941204,40516.28,44746000.0,1117.33,-0.011576198236722068,1103.10888671875,0.0330749642657527
True,37397000.0,2021-06-23,32509.56,1.0375345694617093,59184652.295941204,32509.56,37397000.0,1133.73,0.014649472598476487,1110.2529296875,0.0319174770103811
False,31576.09,2021-06-26,40100000.0,1.1014167002639552,65186964.43806508,31576.09,40100000.0,1131.87,0.12199125560662805,1115.4366455078125,0.0310776045426865
True,37152000.0,2021-06-27,32283.65,1.1014167002639552,65186964.43806508,32283.65,37152000.0,1131.87,0.016723867210858723,1117.0400390625,0.0308178206061937
False,35045.0,2021-07-01,41528000.0,1.0273750209412844,66971458.95465588,35045.0,41528000.0,1130.63,0.04808003167186392,1120.6715087890625,0.0302294450959748
True,39320000.0,2021-07-03,33786.54,1.0273750209412844,66971458.95465588,33786.54,39320000.0,1134.51,0.025797088093355347,1120.5733642578125,0.0302453466022512
False,33690.15,2021-07-06,40915000.0,1.0411893703148416,69729971.17806442,33690.15,40915000.0,1130.59,0.07417359150758007,1120.19970703125,0.0303058870384601
True,39509000.0,2021-07-07,34220.02,1.0411893703148416,69729971.17806442,34220.02,39509000.0,1136.93,0.015504967583597873,1120.096435546875,0.0303226192204375
False,33862.11,2021-07-08,39814000.0,1.0161168447763036,70853798.29979742,33862.11,39814000.0,1141.65,0.029885194781916535,1120.232421875,0.030300586536368
True,39069000.0,2021-07-10,33815.81,1.0161168447763036,70853798.29979742,33815.81,39069000.0,1146.81,0.007444265939395622,1120.67333984375,0.0302291484260815
False,33502.87,2021-07-11,39801000.0,1.0260031195138988,72696218.08500072,33502.87,39801000.0,1146.81,0.03590636232301936,1121.125,0.0301559698524216
True,39633000.0,2021-07-12,34259.0,1.0260031195138988,72696218.08500072,34259.0,39633000.0,1145.31,0.010088002183502809,1121.859619140625,0.0300369458912633
False,33086.94,2021-07-13,40194000.0,1.0478080752881176,76171684.35236986,33086.94,40194000.0,1147.18,0.05894415466906677,1122.86181640625,0.0298745685697097
True,37205000.0,2021-07-19,31778.57,1.0478080752881176,76171684.35236986,31778.57,37205000.0,1142.5,0.024733064524913306,1133.3067626953125,0.0281822646088411
False,30839.65,2021-07-20,37663000.0,1.0409758924958359,79292887.10161932,30839.65,37663000.0,1151.92,0.0601886510973646,1134.8763427734375,0.0279279591763764
True,35339000.0,2021-07-22,32144.51,1.0409758924958359,79292887.10161932,32144.51,35339000.0,1149.48,-0.04358577526957741,1138.0562744140625,0.0274127424618245
False,32287.58,2021-07-23,38012000.0,1.0687275092797512,84742489.73571412,32287.58,38012000.0,1150.86,0.022969604300253188,1139.454345703125,0.0271862251093576
True,37922000.0,2021-07-24,33634.1,1.0687275092797512,84742489.73571412,33634.1,37922000.0,1150.86,-0.020309431540216694,1140.73681640625,0.0269784375161492
False,34261.51,2021-07-25,39113000.0,1.0104818066308912,85630744.12654416,34261.51,39113000.0,1150.86,-0.008044630444399847,1141.861328125,0.0267962426457288
True,40076000.0,2021-07-26,35381.02,1.0104818066308912,85630744.12654416,35381.02,40076000.0,1152.12,-0.016857878839372842,1142.9552001953125,0.0266190120515215
False,40018.49,2021-07-30,46350000.0,1.0203836944500173,87376215.05034725,40018.49,46350000.0,1143.3,0.013045233354395558,1146.7705078125,0.0260008508840237
True,45936000.0,2021-07-31,42206.36,1.0203836944500173,87376215.05034725,42206.36,45936000.0,1143.3,-0.04804795158733155,1147.4581298828125,0.0258894414501247
False,41461.84,2021-08-01,48570000.0,1.0740270080919387,93844414.82892229,41461.84,48570000.0,1143.3,0.024611742106864565,1147.90478515625,0.0258170737741728
True,44950000.0,2021-08-05,39723.17,1.0740270080919387,93844414.82892229,39723.17,44950000.0,1144.94,-0.011667518020055834,1148.3740234375,0.025741047169538
False,43794.36,2021-08-09,50956000.0,1.0260677560810945,96290728.14425568,43794.36,50956000.0,1145.93,0.015357674284436351,1146.9522705078125,0.0259714014526238
True,50790000.0,2021-08-10,46248.87,1.0260677560810945,96290728.14425568,46248.87,50790000.0,1147.07,-0.04261379550459343,1146.1424560546875,0.0261026086573968
False,45585.0,2021-08-11,52862000.0,1.0536914679062923,101460718.6840865,45585.0,52862000.0,1152.9,0.005842523310341408,1145.1209716796875,0.0262681109018256
True,52335000.0,2021-08-12,45510.67,1.0536914679062923,101460718.6840865,45510.67,52335000.0,1154.16,-0.003647578671555851,1144.1683349609375,0.0264224583582695
False,44400.06,2021-08-13,52585000.0,1.0277306901125596,104274294.43251249,44400.06,52585000.0,1163.16,0.018213527270794838,1143.113525390625,0.0265933599947548
True,52078000.0,2021-08-14,47799.99,1.0277306901125596,104274294.43251249,47799.99,52078000.0,1163.16,-0.06332908982575824,1142.1580810546875,0.0267481623450349
False,47068.5,2021-08-15,55145000.0,1.073099976346306,111896742.8890569,47068.5,55145000.0,1163.16,0.007247791994205777,1141.4442138671875,0.0268638240474034
True,54817000.0,2021-08-16,46973.82,1.073099976346306,111896742.8890569,46973.82,54817000.0,1162.37,0.003956722554873782,1141.048828125,0.0269278849663451
False,45901.3,2021-08-17,54638000.0,1.017911863158468,113901022.03556398,45901.3,54638000.0,1165.45,0.021353689245969365,1141.013671875,0.0269335810282949
True,53863000.0,2021-08-18,44695.95,1.017911863158468,113901022.03556398,44695.95,53863000.0,1177.44,0.023489945177089355,1141.3070068359375,0.0268860545114017
False,46868.57,2021-09-08,60839000.0,1.0749237995370367,122434919.37762018,46868.57,60839000.0,1162.16,0.11695182090107492,1154.6705322265625,0.0247208785187396
True,55576000.0,2021-09-10,46395.14,1.0749237995370367,122434919.37762018,46395.14,55576000.0,1169.81,0.02399884487340831,1149.86767578125,0.0254990436486453
False,44842.2,2021-09-11,55879000.0,1.038188934946281,127110578.54888527,44842.2,55879000.0,1169.81,0.06523734761475164,1148.0418701171875,0.0257948630881674
True,54800000.0,2021-09-13,46025.23,1.038188934946281,127110578.54888527,46025.23,54800000.0,1170.38,0.01732027330521202,1145.3284912109375,0.0262344883139278
False,44940.72,2021-09-14,55078000.0,1.0273038164852384,130581182.45891652,44940.72,55078000.0,1173.44,0.04442497257750455,1144.6552734375,0.0263435639446669
True,54340000.0,2021-09-15,47103.28,1.0273038164852384,130581182.45891652,47103.28,54340000.0,1172.41,-0.016013885190733435,1144.427734375,0.0263804301233972
False,48121.4,2021-09-16,56564000.0,1.0169110401730117,132789446.08131862,48121.4,56564000.0,1166.39,0.007762218002812071,1144.6934814453125,0.0263373734328951
True,57178000.0,2021-09-17,47737.81,1.0169110401730117,132789446.08131862,47737.81,57178000.0,1175.36,0.01905016125565262,1145.277587890625,0.0262427357369592
False,47241.75,2021-09-20,58597000.0,1.03353807949224,137242949.0797244,47241.75,58597000.0,1181.56,0.04976871235137037,1148.732421875,0.0256829789824392
True,50699000.0,2021-09-23,43546.37,1.03353807949224,137242949.0797244,43546.37,50699000.0,1181.99,-0.015005891977086794,1154.300537109375,0.0247808256151621
False,44865.26,2021-09-24,53853000.0,1.0290526216600844,141230216.55485186,44865.26,53853000.0,1174.83,0.02170303809846308,1156.366455078125,0.0244461028636429
True,50309000.0,2021-09-30,41524.29,1.0290526216600844,141230216.55485186,41524.29,50309000.0,1187.93,0.019888322622080512,1163.81787109375,0.0232388146221967
False,53785.22,2021-10-08,66998000.0,1.0261580586557795,144924524.8434621,53785.22,66998000.0,1191.33,0.04560297636334565,1164.9365234375,0.0230575690954346
True,65501000.0,2021-10-09,53955.67,1.0261580586557795,144924524.8434621,53955.67,65501000.0,1191.33,0.01901074223820376,1165.22509765625,0.0230108139202638
False,55996.91,2021-10-13,70954000.0,1.0416464760508666,150960120.59653857,55996.91,70954000.0,1197.92,0.05775480112553577,1167.76123046875,0.0225999063401667
True,69188000.0,2021-10-14,57370.83,1.0416464760508666,150960120.59653857,57370.83,69188000.0,1186.87,0.016100093317755526,1168.73583984375,0.0224419988450043
False,60875.57,2021-10-17,75688000.0,1.0288533424411046,155315824.65106094,60875.57,75688000.0,1182.23,0.05167612094583918,1172.0068359375,0.0219120277477632
True,76541000.0,2021-10-20,64280.59,1.0288533424411046,155315824.65106094,64280.59,76541000.0,1175.61,0.012863698338501539,1173.1923828125,0.0217199438809022
False,62193.15,2021-10-22,79919000.0,1.0769426149818133,167266230.34777036,62193.15,79919000.0,1177.86,0.0909725258779086,1172.588623046875,0.021817765833692
True,74501000.0,2021-10-26,63078.78,1.0769426149818133,167266230.34777036,63078.78,74501000.0,1168.13,0.011084934751366848,1168.5914306640625,0.0224653962105826
False,60328.81,2021-10-27,76250000.0,1.068006934440881,178641493.90920448,60328.81,76250000.0,1168.06,0.08205649778267987,1167.1866455078125,0.0226930013526579
True,71833000.0,2021-10-29,60575.9,1.068006934440881,178641493.90920448,60575.9,71833000.0,1168.45,0.014878369296007499,1164.2962646484375,0.0231613046680959
False,61859.19,2021-10-31,74568000.0,1.0145767232606673,181245501.52879113,61859.19,74568000.0,1168.45,0.03166366041805335,1161.7689208984375,0.0235707882327055
True,73428000.0,2021-11-01,61299.81,1.0145767232606673,181245501.52879113,61299.81,73428000.0,1174.61,0.019785604192974482,1160.7177734375,0.0237410965294044
False,61395.01,2021-11-05,74607000.0,1.0125241979182145,183515456.06172374,61395.01,74607000.0,1185.97,0.024643523295693637,1158.348388671875,0.0241249873712259
True,73807000.0,2021-11-06,60940.18,1.0125241979182145,183515456.06172374,60940.18,73807000.0,1185.97,0.021221893994248564,1158.424072265625,0.0241127250156396
False,64882.42,2021-11-11,80813000.0,1.026394264442465,188359211.53829646,64882.42,80813000.0,1185.15,0.050947129916618206,1162.0177001953125,0.0235304806832139
True,77867000.0,2021-11-15,65519.11,1.026394264442465,188359211.53829646,65519.11,77867000.0,1179.94,0.0072227567420832806,1167.0037841796875,0.0227226287859937
False,63606.73,2021-11-16,79323000.0,1.047298752479792,197268367.26213515,63606.73,79323000.0,1183.56,0.053672832451223895,1168.015625,0.0225586890030026
True,71813000.0,2021-11-21,59707.52,1.047298752479792,197268367.26213515,59707.52,71813000.0,1182.99,0.016700327755483135,1170.382080078125,0.0221752728330102
False,58617.7,2021-11-22,73669000.0,1.0429859428282382,205748134.01908517,58617.7,73669000.0,1188.77,0.057202457907833626,1170.4609375,0.022162496249609
True,71689000.0,2021-11-26,58960.37,1.0429859428282382,205748134.01908517,58960.37,71689000.0,1190.24,0.021545654696857097,1170.98388671875,0.0220777673281065
False,53723.72,2021-11-27,73160000.0,1.1179786635042943,230022023.88915926,53723.72,73160000.0,1190.24,0.14412395441794668,1171.2130126953125,0.0220406440354687
True,57980000.0,2021-12-22,48887.59,1.1179786635042943,230022023.88915926,48887.59,57980000.0,1190.43,-0.0037330586866198834,1170.8846435546875,0.0220938468363188
False,48588.17,2021-12-23,60023000.0,1.0398955094485907,239198869.71661317,48588.17,60023000.0,1187.94,0.03990256560827121,1171.6455078125,0.0219705706066911
True,59759000.0,2021-12-24,50838.82,1.0398955094485907,239198869.71661317,50838.82,59759000.0,1185.64,-0.008586069427582554,1172.6982421875,0.0218000051960848
False,50819.99,2021-12-25,61490000.0,1.0276503330435824,245812798.127926,50819.99,61490000.0,1185.64,0.02050955437019386,1174.065185546875,0.0215785312318026
True,61177000.0,2021-12-27,50775.48,1.0276503330435824,245812798.127926,50775.48,61177000.0,1187.1,0.014955107972991488,1177.283935546875,0.0210570251155146
False,47543.74,2021-12-29,61470000.0,1.0713366196437586,263348252.21154588,47543.74,61470000.0,1188.14,0.0881837938880825,1180.32666015625,0.0205640388649611
True,57089000.0,2021-12-31,47120.88,1.0713366196437586,263348252.21154588,47120.88,57089000.0,1190.22,0.01791566892776264,1182.3671875,0.0202334299359611
False,46216.93,2022-01-01,57233000.0,1.0205096965570117,268749444.95322406,46216.93,57233000.0,1190.22,0.04044271486357531,1183.10400390625,0.020114049970931
True,56784000.0,2022-01-02,47722.66,1.0205096965570117,268749444.95322406,47722.66,56784000.0,1190.22,-0.0002898635667545335,1183.8255615234375,0.019997142255011
False,47286.18,2022-01-03,57915000.0,1.02770785976522,276195916.88596874,47286.18,57915000.0,1189.8,0.029396921234192908,1184.399658203125,0.0199041263544914
True,51255000.0,2022-01-12,42729.29,1.02770785976522,276195916.88596874,42729.29,51255000.0,1190.55,0.007541450023861529,1190.056640625,0.0189875746083969
False,42558.35,2022-01-14,53349000.0,1.0434335180985563,288192077.24078286,42558.35,53349000.0,1186.77,0.05626999204327765,1192.30908203125,0.0186226310837554
True,51885000.0,2022-01-15,43059.96,1.0434335180985563,288192077.24078286,43059.96,51885000.0,1186.77,0.015316957353651572,1193.367919921875,0.018451076773505
False,42201.63,2022-01-18,52165000.0,1.0242856254277428,295191002.0798956,42201.63,52165000.0,1190.98,0.037876115519574594,1195.1220703125,0.0181668670158041
True,51435000.0,2022-01-19,42352.12,1.0242856254277428,295191002.0798956,42352.12,51435000.0,1193.03,0.017963544127390874,1195.2684326171875,0.0181431532023397
False,41660.0,2022-01-20,51183000.0,1.0101047559428094,298173835.1124263,41660.0,51183000.0,1188.21,0.03398269175639612,1195.119140625,0.0181673416876332
True,43376000.0,2022-01-24,36244.55,1.0101047559428094,298173835.1124263,36244.55,43376000.0,1193.3,0.00289888285088602,1193.184814453125,0.0184807437628266
False,36958.32,2022-01-26,44764000.0,1.010586953180378,301330587.5443753,36958.32,44764000.0,1196.35,0.01241462849040409,1191.966552734375,0.0186781281317797
True,44905000.0,2022-01-27,36807.24,1.010586953180378,301330587.5443753,36807.24,44905000.0,1200.75,0.01603543001004093,1191.545166015625,0.0187464017632051
False,37881.75,2022-01-31,47144000.0,1.0185805933637937,306929488.6596104,37881.75,47144000.0,1209.71,0.02876249660275798,1192.40478515625,0.0186071251373367
True,47304000.0,2022-02-02,38694.59,1.0185805933637937,306929488.6596104,38694.59,47304000.0,1202.47,0.016654451412380533,1194.8045654296875,0.0182183095752877
False,36896.37,2022-02-03,47784000.0,1.0578210642350643,324676478.3390331,36896.37,47784000.0,1200.36,0.07891528577811813,1196.247314453125,0.0179845534774264
True,45518000.0,2022-02-04,37311.98,1.0578210642350643,324676478.3390331,37311.98,45518000.0,1200.65,0.016057884637949993,1197.6826171875,0.0177520038371308
False,42373.73,2022-02-12,53040000.0,1.024550957046303,332647596.61267966,42373.73,53040000.0,1200.1,0.04301219112845467,1201.425048828125,0.017145650131383
True,51550000.0,2022-02-15,42535.94,1.024550957046303,332647596.61267966,42535.94,51550000.0,1197.44,0.012089393202587173,1198.0482177734375,0.017692768748452
False,43873.56,2022-02-17,53835000.0,1.0109852062105855,336301799.0569256,43873.56,53835000.0,1196.69,0.02536899228710432,1195.44384765625,0.0181147322265696
True,45450000.0,2022-02-23,38230.33,1.0109852062105855,336301799.0569256,38230.33,45450000.0,1193.03,-0.0035064863681321112,1191.224609375,0.0187983387725108
False,37250.02,2022-02-24,46500000.0,1.0485157705719275,352617739.9828979,37250.02,46500000.0,1192.6,0.046722687750534675,1191.3853759765625,0.0187722911558864
True,45483000.0,2022-02-25,38328.68,1.0485157705719275,352617739.9828979,38328.68,45483000.0,1206.11,-0.01612863393004449,1191.7154541015625,0.018718811463136
False,39116.73,2022-02-27,47830000.0,1.0289384345318218,362821945.3661519,39116.73,47830000.0,1206.11,0.013796809739769822,1192.942626953125,0.0185199833007027
True,46363000.0,2022-03-01,43160.0,1.0289384345318218,362821945.3661519,43160.0,46363000.0,1201.18,-0.10570253121964834,1195.0660400390625,0.0181759451145365
False,44421.2,2022-03-02,52332000.0,1.095126430572326,397335901.96214145,44421.2,52332000.0,1205.42,-0.022675798434799832,1196.3763427734375,0.0179636481389511
True,47364000.0,2022-03-09,38730.63,1.095126430572326,397335901.96214145,38730.63,47364000.0,1233.64,-0.008699401418423736,1207.736083984375,0.0161231278994317
False,39422.01,2022-03-11,51571000.0,1.0682124315728745,424439149.9861804,39422.01,51571000.0,1228.77,0.06462384562103951,1212.223876953125,0.0153960097691522
True,48314000.0,2022-03-13,38807.35,1.0682124315728745,424439149.9861804,38807.35,48314000.0,1228.77,0.013184198110371081,1217.79931640625,0.0144926697223022
False,37777.35,2022-03-14,48500000.0,1.0297744444245889,437076589.86906374,37777.35,48500000.0,1237.1,0.03778034677057329,1220.6890869140625,0.0140244652968287
True,47500000.0,2022-03-15,39671.37,1.0297744444245889,437076589.86906374,39671.37,47500000.0,1242.01,-0.03596829201415308,1223.56396484375,0.0135586737864867
False,39280.33,2022-03-16,49212000.0,1.0448973173999634,456700156.2525087,39280.33,49212000.0,1241.66,0.009004718228216468,1226.385009765625,0.0131016043710052
True,48609000.0,2022-03-17,41114.01,1.0448973173999634,456700156.2525087,41114.01,48609000.0,1224.95,-0.0348196145840155,1228.9539794921875,0.0126853765108231
False,40917.89,2022-03-18,50392000.0,1.0402008061843306,475059870.7183693,40917.89,50392000.0,1210.58,0.017313646326684973,1231.2257080078125,0.0123173080633064
True,50069000.0,2022-03-19,41757.51,1.0402008061843306,475059870.7183693,41757.51,50069000.0,1210.58,-0.00953113292507557,1233.1214599609375,0.0120101558338634
False,41262.11,2022-03-21,51245000.0,1.034338085481456,491372517.16790605,41262.11,51245000.0,1211.55,0.02508227253384243,1235.279541015625,0.011660500697719
True,50471000.0,2022-03-22,41002.26,1.034338085481456,491372517.16790605,41002.26,50471000.0,1218.82,0.009937602450033056,1235.372802734375,0.0116453903111579
False,45497.54,2022-04-06,57069000.0,1.017588547114498,500015045.8368833,45497.54,57069000.0,1218.82,0.029136010953849434,1217.70751953125,0.0145075427729488
True,53072000.0,2022-04-08,43444.2,1.017588547114498,500015045.8368833,43444.2,53072000.0,1222.76,-0.0009380322930799823,1219.202392578125,0.0142653414721272
False,42252.02,2022-04-09,53813000.0,1.0411251063547158,520578217.7758832,42252.02,53813000.0,1222.76,0.041594082887598915,1220.320556640625,0.0140841750573366
True,52934000.0,2022-04-10,42753.96,1.0411251063547158,520578217.7758832,42753.96,52934000.0,1222.76,0.012551550890123497,1221.48046875,0.0138962445689807
False,42158.85,2022-04-11,53295000.0,1.0196217428113683,530792869.678282,42158.85,53295000.0,1228.95,0.02864020946695356,1222.8291015625,0.0136777373036307
True,50577000.0,2022-04-14,41147.78,1.0196217428113683,530792869.678282,41147.78,50577000.0,1223.36,0.00473696338108609,1227.935791015625,0.0128503447494441
False,39942.37,2022-04-15,51645000.0,1.0504928045174882,557594090.2862241,39942.37,51645000.0,1230.26,0.05098749229998778,1229.6842041015625,0.0125670645574085
True,50275000.0,2022-04-16,40551.9,1.0504928045174882,557594090.2862241,40551.9,50275000.0,1230.26,0.007729490769009972,1231.543701171875,0.0122657863918512
False,40378.7,2022-04-17,50807000.0,1.0135348807023365,565141059.778576,40378.7,50807000.0,1230.26,0.022761368102004687,1233.246826171875,0.0119898438351745
True,49962000.0,2022-04-19,40801.13,1.0135348807023365,565141059.778576,40801.13,49962000.0,1235.45,-0.008843005389541303,1235.9478759765625,0.0115522161866952
False,41358.19,2022-04-21,51459000.0,1.014708501678538,573453438.0049399,41358.19,51459000.0,1233.98,0.008304481529107788,1237.5269775390625,0.0112963680707857
True,49620000.0,2022-04-26,40426.08,1.014708501678538,573453438.0049399,40426.08,49620000.0,1250.22,-0.018232419927756593,1237.66162109375,0.0112745529446378
False,38112.64,2022-04-27,50614000.0,1.0804868414977307,619608893.9759722,38112.64,50614000.0,1260.98,0.0531577539985042,1237.40576171875,0.0113160076177166
True,48718000.0,2022-04-28,39235.72,1.0804868414977307,619608893.9759722,39235.72,48718000.0,1266.4,-0.019524101331365284,1237.27685546875,0.011336893178199
False,39742.06,2022-04-29,49954000.0,1.0109481938772173,626392492.2752694,39742.06,49954000.0,1272.38,-0.012122575491607779,1237.311279296875,0.0113313157842065
True,48772000.0,2022-05-05,39690.0,1.0109481938772173,626392492.2752694,39690.0,48772000.0,1251.53,-0.018143087896947185,1246.841796875,0.00978716876801
False,36552.97,2022-05-06,50631000.0,1.1257050187555646,705133172.265077,36552.97,50631000.0,1269.56,0.09103982755048046,1248.84326171875,0.009462888796732
True,39967000.0,2022-05-16,31328.89,1.1257050187555646,705133172.265077,31328.89,39967000.0,1278.56,-0.0022185414563490324,1267.154052734375,0.006496150308586
False,29874.01,2022-05-17,40902000.0,1.071839864728351,755789843.976073,29874.01,40902000.0,1280.64,0.0691138598711567,1269.04541015625,0.0061897100868867
True,37100000.0,2022-05-20,30319.22,1.071839864728351,755789843.976073,30319.22,37100000.0,1263.99,-0.031917772488756824,1274.033447265625,0.0053815417417805
False,29201.01,2022-05-21,38781000.0,1.0839426104386936,819232816.4224775,29201.01,38781000.0,1263.99,0.05069700050712722,1274.7618408203125,0.0052635264582591
True,38037000.0,2022-05-23,30293.93,1.0839426104386936,819232816.4224775,30293.93,38037000.0,1270.41,-0.011659174080810186,1274.89453125,0.0052420277799974
False,29109.14,2022-05-24,38933000.0,1.0638514279700073,871542001.5909435,29109.14,38933000.0,1258.87,0.062447822801076525,1274.5015869140625,0.0053056931390816
True,37436000.0,2022-05-25,29654.58,1.0638514279700073,871542001.5909435,29654.58,37436000.0,1261.14,0.0010006524788035431,1273.8974609375,0.00540357442585
False,29542.14,2022-05-26,37827000.0,1.0129954252402127,882868060.5163239,29542.14,37827000.0,1266.55,0.010968463498328251,1273.12890625,0.0055280966690292
True,37033000.0,2022-05-30,29468.1,1.0129954252402127,882868060.5163239,29468.1,37033000.0,1251.1,0.0044879612364676635,1268.915771484375,0.0062107143153264
False,29805.84,2022-06-02,39927000.0,1.064570157892048,939874990.5817091,29805.84,39927000.0,1247.23,0.07403581942903092,1264.099609375,0.0069910352464561
True,37880000.0,2022-06-03,30452.63,1.064570157892048,939874990.5817091,30452.63,37880000.0,1241.14,0.0022230620301040283,1261.9332275390625,0.0073420352861164
False,29700.21,2022-06-04,38393000.0,1.0378986838092485,975495015.6699858,29700.21,38393000.0,1241.14,0.041529934173770267,1259.751220703125,0.0076955669088655
True,37974000.0,2022-06-07,31373.1,1.0378986838092485,975495015.6699858,31373.1,37974000.0,1254.8,-0.03538413105663496,1253.5635986328125,0.008698093590014
False,31125.32,2022-06-08,39532000.0,1.0479835188884856,1022302699.1800102,31125.32,39532000.0,1254.85,0.012145961432274754,1251.6500244140625,0.0090081334064176
True,28828000.0,2022-06-16,22583.72,1.0479835188884856,1022302699.1800102,22583.72,28828000.0,1278.38,-0.0014747185383117145,1255.379150390625,0.0084039355018938
False,20400.6,2022-06-17,29235000.0,1.121240733694921,1146247428.4868927,20400.6,29235000.0,1288.57,0.11212125602784306,1258.8408203125,0.0078430711797725
True,25096000.0,2022-06-20,20574.0,1.121240733694921,1146247428.4868927,20574.0,25096000.0,1291.5,-0.0555230581121654,1271.5960693359375,0.0057764489256368
False,20573.9,2022-06-21,26666000.0,1.0612484961682271,1216453359.7184124,20573.9,26666000.0,1292.55,0.0027528342367857395,1276.106689453125,0.0050456323106884
True,26643000.0,2022-06-22,20723.51,1.0612484961682271,1216453359.7184124,20723.51,26643000.0,1292.08,-0.0049832179585926895,1280.61181640625,0.0043157057054197
False,19988.0,2022-06-23,26967000.0,1.0481064415086698,1274972602.115731,19988.0,26967000.0,1297.69,0.039662396795396626,1284.89208984375,0.0036222101630379
True,26180000.0,2022-06-24,21110.12,1.0481064415086698,1274972602.115731,21110.12,26180000.0,1300.14,-0.04613081239716177,1288.4879150390625,0.0030396098267403
False,21237.68,2022-06-25,27419000.0,1.0397483072175584,1325650604.7985969,21237.68,27419000.0,1300.14,-0.006988178102582676,1291.7060546875,0.0025182026004167
True,27592000.0,2022-06-26,21491.18,1.0397483072175584,1325650604.7985969,21491.18,27592000.0,1300.14,-0.012509787599679134,1294.263671875,0.0021038140935726
False,21038.08,2022-06-27,27837000.0,1.0293333212306646,1364536339.828779,21038.08,27837000.0,1289.29,0.02627963959954993,1296.1671142578125,0.0017954158505781
True,25454000.0,2022-07-05,20236.71,1.0293333212306646,1364536339.828779,20236.71,25454000.0,1296.06,-0.02951009024708484,1293.0640869140625,0.0022981724296148
False,20175.84,2022-07-06,26399000.0,1.0389720953210408,1417715180.1336105,20175.84,26399000.0,1309.09,-0.0004918366775977789,1291.415283203125,0.0025653137794594
True,26523000.0,2022-07-07,20564.51,1.0389720953210408,1417715180.1336105,20564.51,26523000.0,1305.14,-0.011794698846172125,1289.7176513671875,0.0028403663264564
False,21592.15,2022-07-10,28241000.0,1.0128465121826133,1435927875.466673,21592.15,28241000.0,1297.97,0.007672780592584472,1286.923828125,0.0032930252495254
True,25723000.0,2022-07-14,20234.87,1.0128465121826133,1435927875.466673,20234.87,25723000.0,1305.1,-0.025958615159187848,1287.4212646484375,0.0032124299285351
False,20588.84,2022-07-15,26604000.0,1.015216014832068,1457776975.3175535,20588.84,26604000.0,1317.57,-0.019288285831613572,1288.3525390625,0.0030615436208454
True,27140000.0,2022-07-16,20830.04,1.015216014832068,1457776975.3175535,20830.04,27140000.0,1317.57,-0.01111442539159957,1290.083984375,0.0027810125698203
False,20799.58,2022-07-18,27856000.0,1.0266174228999017,1496579241.5633204,20799.58,27856000.0,1319.15,0.015243006433375283,1293.9310302734375,0.0021577091241735
True,27505000.0,2022-07-19,22432.58,1.0266174228999017,1496579241.5633204,22432.58,27505000.0,1319.2,-0.07055909624551915,1296.316162109375,0.0017712669212703
False,23398.48,2022-07-20,29322000.0,1.0207927282185532,1527697206.990675,23398.48,29322000.0,1304.38,-0.03926898234083531,1298.959228515625,0.0013430338194094
True,28401000.0,2022-07-28,22954.31,1.0207927282185532,1527697206.990675,22954.31,28401000.0,1306.37,-0.05288396206492452,1311.6458740234375,-0.0007124732027271
False,23845.25,2022-07-29,30200000.0,1.0223499571549073,1561841174.1125882,23845.25,30200000.0,1296.07,-0.022815420984819368,1311.52978515625,-0.0006936643314972
True,30318000.0,2022-08-06,23313.56,1.0223499571549073,1561841174.1125882,23313.56,30318000.0,1302.81,-0.0018153903490819578,1298.927490234375,0.0013481760975584
False,22954.21,2022-08-07,30767000.0,1.029424534579002,1607797623.7471733,22954.21,30767000.0,1302.81,0.02882549439383264,1297.3607177734375,0.0016020266361869
True,30997000.0,2022-08-11,23954.05,1.029424534579002,1607797623.7471733,23954.05,30997000.0,1297.54,-0.00271346223575053,1292.283935546875,0.0024245735821177
False,23933.09,2022-08-12,31583000.0,1.018538746189923,1637604175.8185835,23933.09,31583000.0,1307.05,0.009630367895402392,1291.2991943359375,0.0025841226506893
True,31770000.0,2022-08-13,24401.7,1.018538746189923,1637604175.8185835,24401.7,31770000.0,1307.05,-0.003895436206272973,1290.724365234375,0.0026772572191662
False,24443.06,2022-08-14,32368000.0,1.015843265786683,1663549174.029459,24443.06,32368000.0,1307.05,0.013136799339426908,1290.785888671875,0.0026672891107542
True,27098000.0,2022-08-30,20287.2,1.015843265786683,1663549174.029459,20287.2,27098000.0,1345.98,-0.007623386606055327,1318.4593505859375,-0.0018164016533768
False,19813.03,2022-08-31,27792000.0,1.0488657816907245,1744839804.7993677,19813.03,27792000.0,1350.55,0.038623719934437695,1321.126708984375,-0.002248570575821
True,26361000.0,2022-09-08,19292.85,1.0488657816907245,1744839804.7993677,19292.85,26361000.0,1375.39,-0.006564601273212456,1337.88916015625,-0.0049644450022636
False,19320.54,2022-09-09,26811000.0,1.0143671266309282,1769908139.2256043,19320.54,26811000.0,1384.88,0.0020320408791276723,1339.668701171875,-0.0052527685824838
True,26887000.0,2022-09-10,21361.62,1.0143671266309282,1769908139.2256043,21361.62,26887000.0,1384.88,-0.09114203285595768,1341.420166015625,-0.0055365432243414
False,21647.21,2022-09-11,29344000.0,1.0756624129066226,1903823659.6624842,21647.21,29344000.0,1384.88,-0.021174577867755673,1343.089111328125,-0.0058069479430113
True,29727000.0,2022-09-12,21826.87,1.0756624129066226,1903823659.6624842,21826.87,29727000.0,1380.06,-0.013126123438898185,1344.7220458984375,-0.0060715181537814
False,20173.62,2022-09-14,30684000.0,1.1154124798881473,2123548669.4938598,20173.62,30684000.0,1392.37,0.09237934723708796,1348.186279296875,-0.0066327978137532
True,26523000.0,2022-09-23,19401.63,1.1154124798881473,2123548669.4938598,19401.63,26523000.0,1407.07,-0.028442019189086953,1362.140869140625,-0.0088937388479454
False,19288.57,2022-09-24,27571000.0,1.0443283119606774,2217681997.3788652,19288.57,27571000.0,1407.07,0.015866837438861747,1363.2935791015625,-0.0090805024347213
True,27051000.0,2022-09-27,19226.68,1.0443283119606774,2217681997.3788652,19226.68,27051000.0,1430.61,-0.016537579006395742,1367.314208984375,-0.0097319301862451
False,19078.1,2022-09-28,27604000.0,1.0271339894035616,2277856557.196213,19078.1,27604000.0,1426.67,0.01417609321377733,1368.9093017578125,-0.009990369219222
True,27672000.0,2022-10-04,19629.08,1.0271339894035616,2277856557.196213,19629.08,27672000.0,1432.57,-0.01593281079382558,1386.7410888671875,-0.0128794988633027
False,20158.26,2022-10-06,28952000.0,1.0175459423797828,2317823697.098188,20158.26,28952000.0,1417.05,0.01353874025351498,1394.61572265625,-0.0141553574060676
True,27620000.0,2022-10-24,19570.4,1.0175459423797828,2317823697.098188,19570.4,27620000.0,1431.05,-0.01379054036255889,1388.469482421875,-0.0131595354645058
False,19330.6,2022-10-25,27981000.0,1.024385435233152,2374344836.7456408,19330.6,27981000.0,1444.94,0.0017701424847063052,1387.94775390625,-0.0130750043229321
True,27803000.0,2022-10-26,20079.02,1.024385435233152,2374344836.7456408,20079.02,27803000.0,1427.26,-0.029833994684557497,1387.874267578125,-0.0130630979712177
False,20295.11,2022-10-28,29116000.0,1.0348101471772593,2456996129.962322,20295.11,29116000.0,1421.67,0.009116952516457166,1387.9541015625,-0.0130760327785619
True,28590000.0,2022-10-29,20591.84,1.0348101471772593,2456996129.962322,20591.84,28590000.0,1421.67,-0.023392171607172774,1387.76611328125,-0.0130455746695251
False,20627.48,2022-10-31,29091000.0,1.0145258078568677,2492685983.6512227,20627.48,29091000.0,1422.05,-0.008260504902658394,1387.181884765625,-0.0129509171955962
True,28685000.0,2022-11-05,21148.52,1.0145258078568677,2492685983.6512227,21148.52,28685000.0,1424.06,-0.04754035045807925,1382.2392578125,-0.0121501062638418
False,21299.37,2022-11-06,29388000.0,1.0160102738005543,2532594568.748283,21299.37,29388000.0,1424.06,-0.03110885802850083,1380.8148193359375,-0.0119193168649126
True,22924000.0,2022-11-11,17602.45,1.0160102738005543,2532594568.748283,17602.45,22924000.0,1350.14,-0.03541950366943114,1371.288330078125,-0.0103758225224812
False,17069.98,2022-11-12,24779000.0,1.1132821442711907,2819492312.06566,17069.98,24779000.0,1350.14,0.07515717944094491,1368.3206787109375,-0.0098949997375495
True,22544000.0,2022-12-09,17224.1,1.1132821442711907,2819492312.06566,17224.1,22544000.0,1316.82,-0.006042023022524878,1300.72216796875,0.001057400046221
False,17128.56,2022-12-10,22918000.0,1.0210192282111208,2878755864.4124684,17128.56,22918000.0,1316.82,0.01608361407536485,1298.45654296875,0.0014244795940936
True,22824000.0,2022-12-14,17775.82,1.0210192282111208,2878755864.4124684,17775.82,22824000.0,1289.57,-0.004325938450122302,1292.328369140625,0.002417374392709
False,17804.01,2022-12-15,23182000.0,1.0128461562858575,2915736812.1555395,17804.01,23182000.0,1295.91,0.004750499582053536,1291.43701171875,0.0025617932967266
True,21654000.0,2022-12-21,16896.15,1.0128461562858575,2915736812.1555395,16896.15,21654000.0,1284.06,-0.0019206767198833852,1287.379150390625,0.003219253336079
False,16824.68,2022-12-22,22017000.0,1.0198443410690936,2973597687.9236655,16824.68,22017000.0,1280.37,0.022058701027448002,1286.69921875,0.0033294167564266
True,21061000.0,2022-12-30,16633.47,1.0198443410690936,2973597687.9236655,16633.47,21061000.0,1261.24,0.003918351202224946,1279.3526611328125,0.0045197157019879
False,16831.85,2023-01-06,21589000.0,1.0117604664603526,3008568583.7990737,16831.85,21589000.0,1274.58,0.0063141388767993245,1260.98583984375,0.0074955322888664
True,21575000.0,2023-01-07,16950.31,1.0117604664603526,3008568583.7990737,16950.31,21575000.0,1274.58,-0.0013666636165160506,1259.453125,0.007743864767481
False,22827.38,2023-01-31,29657000.0,1.0194598854134316,3067114983.6982536,22827.38,29657000.0,1231.88,0.05463637030920099,1242.4691162109375,0.0104956362510027
True,28724000.0,2023-02-01,23125.13,1.0194598854134316,3067114983.6982536,23125.13,28724000.0,1233.72,0.006802140060631068,1241.9605712890625,0.0105780313693452
False,23489.33,2023-02-03,29599000.0,1.0132509618358307,3107757207.2933435,23489.33,29599000.0,1225.19,0.028496850085602654,1240.857421875,0.0107567650910115
True,28990000.0,2023-02-07,22762.52,1.0132509618358307,3107757207.2933435,22762.52,28990000.0,1261.47,0.009603734349657334,1238.2589111328125,0.0111777792254708
False,21797.83,2023-02-10,29303000.0,1.0542474047398962,3276344970.350715,21797.83,29303000.0,1264.87,0.0628033917193942,1240.710693359375,0.0107805382384545
True,28334000.0,2023-02-15,22199.84,1.0542474047398962,3276344970.350715,22199.84,28334000.0,1272.59,0.00292749823321925,1252.6466064453125,0.0088466658725365
False,23517.72,2023-02-17,31183000.0,1.0376153848316279,3399585947.251626,23517.72,31183000.0,1289.94,0.027905451242832058,1258.2711181640625,0.0079353750725484
True,30466000.0,2023-02-18,24568.24,1.0376153848316279,3399585947.251626,24568.24,30466000.0,1289.94,-0.03867135853850534,1261.9876708984375,0.0073332143012914
False,24632.05,2023-02-19,31641000.0,1.034617848216632,3517272297.5729775,24632.05,31641000.0,1289.94,-0.0041816307334838765,1265.447509765625,0.0067726466490633
True,31434000.0,2023-02-21,24843.89,1.034617848216632,3517272297.5729775,24843.89,31434000.0,1296.42,-0.024034807774325984,1273.0269775390625,0.0055446112930849
False,24450.67,2023-02-22,31883000.0,1.0293431107489455,3620480008.134859,24450.67,31883000.0,1306.16,-0.0016747968236758837,1276.8695068359375,0.0049220396331746
True,30959000.0,2023-02-27,23554.85,1.0293431107489455,3620480008.134859,23554.85,30959000.0,1314.55,-0.0001623841539296622,1295.001220703125,0.0019843154605851
False,23492.09,2023-02-28,31279000.0,1.0118046633723177,3663218555.8770967,23492.09,31279000.0,1318.4,0.009913109484689153,1298.2471923828125,0.0014583988518847
True,27722000.0,2023-03-13,21998.05,1.0118046633723177,3663218555.8770967,21998.05,27722000.0,1319.1,-0.0446496786690892,1316.2850341796875,-0.0014641160441792
False,24670.41,2023-03-15,31676000.0,1.0176209689879627,3727768016.4463367,24670.41,31676000.0,1304.94,-0.01607176464266924,1317.076416015625,-0.0015923367720272
True,33309000.0,2023-03-18,27395.13,1.0176209689879627,3727768016.4463367,27395.13,33309000.0,1301.84,-0.0660349657344671,1319.564208984375,-0.0019954122669433
False,26907.49,2023-03-19,36207000.0,1.1053579322748361,4120517946.65939,26907.49,36207000.0,1301.84,0.03362199666304688,1320.47802734375,-0.002143470321651
True,35760000.0,2023-03-20,27972.87,1.1053579322748361,4120517946.65939,27972.87,35760000.0,1309.1,-0.023465344495936957,1321.354248046875,-0.0022854367545513
False,27717.01,2023-03-21,37228000.0,1.0493849223949818,4324009405.682294,27717.01,37228000.0,1303.87,0.030122880821580544,1322.1173095703125,-0.0024090689880509
True,36020000.0,2023-03-30,28348.6,1.0493849223949818,4324009405.682294,28348.6,36020000.0,1307.13,-0.027939467871802792,1318.6158447265625,-0.0018417570402503
False,28028.53,2023-03-31,37402000.0,1.0489497091082045,4535668408.271583,28028.53,37402000.0,1296.97,0.028879642148871065,1317.367919921875,-0.0016395666190272
True,36814000.0,2023-04-05,28165.47,1.0489497091082045,4535668408.271583,28165.47,36814000.0,1310.54,-0.0026542891204602848,1310.544189453125,-0.0005339768169755
